EIC,Company,Display Name,Source URL,Registry Download URL
11X-HESSENERGY-9,Hartree Partners Power & Gas Co UK Ltd,HEPGCO-UK,https://www.entsoe.eu/data/energy-identification-codes-eic/eic-approved-codes/,https://eepublicdownloads.blob.core.windows.net/cio-lio/xml/allocated-eic-codes.xml
11X0-0000-0518-U,Engelhart CTP Renewables GmbH,TSR,https://www.entsoe.eu/data/energy-identification-codes-eic/eic-approved-codes/,https://eepublicdownloads.blob.core.windows.net/cio-lio/xml/allocated-eic-codes.xml
11XCEZ-CZ------1,"CEZ, a.s.",CEZ_CZ,https://www.entsoe.eu/data/energy-identification-codes-eic/eic-approved-codes/,https://eepublicdownloads.blob.core.windows.net/cio-lio/xml/allocated-eic-codes.xml
11XDANSKECOM---P,Danske Commodities A/S,DANSKECOM,https://www.entsoe.eu/data/energy-identification-codes-eic/eic-approved-codes/,https://eepublicdownloads.blob.core.windows.net/cio-lio/xml/allocated-eic-codes.xml
11XDISAM-------V,Mind Energy A/S,DISAM,https://www.entsoe.eu/data/energy-identification-codes-eic/eic-approved-codes/,https://eepublicdownloads.blob.core.windows.net/cio-lio/xml/allocated-eic-codes.xml
11XEDFTRADING--G,EDF TRADING Ltd,EDFTRADING,https://www.entsoe.eu/data/energy-identification-codes-eic/eic-approved-codes/,https://eepublicdownloads.blob.core.windows.net/cio-lio/xml/allocated-eic-codes.xml
11XEZPADA------P,Ezpada AG,EZPADA_AG,https://www.entsoe.eu/data/energy-identification-codes-eic/eic-approved-codes/,https://eepublicdownloads.blob.core.windows.net/cio-lio/xml/allocated-eic-codes.xml
11XFREEPOINT---N,Freepoint Commodities Europe LLP,FREEPOINT,https://www.entsoe.eu/data/energy-identification-codes-eic/eic-approved-codes/,https://eepublicdownloads.blob.core.windows.net/cio-lio/xml/allocated-eic-codes.xml
11XHSE-SLOVENIAG,HOLDING SLOVENSKE ELEKTRARNE d.o.o.,HSE,https://www.entsoe.eu/data/energy-identification-codes-eic/eic-approved-codes/,https://eepublicdownloads.blob.core.windows.net/cio-lio/xml/allocated-eic-codes.xml
11XIGET--------D,"GEN-I, trgovanje in prodaja elektricne energije, d.o.o.",GEN-I,https://www.entsoe.eu/data/energy-identification-codes-eic/eic-approved-codes/,https://eepublicdownloads.blob.core.windows.net/cio-lio/xml/allocated-eic-codes.xml
11XNEAS--------Q,Centrica Energy Trading A/S,NEAS,https://www.entsoe.eu/data/energy-identification-codes-eic/eic-approved-codes/,https://eepublicdownloads.blob.core.windows.net/cio-lio/xml/allocated-eic-codes.xml
11XPPCDDE9-----D,PUBLIC POWER CORPORATION S.A.,PPC_SA,https://www.entsoe.eu/data/energy-identification-codes-eic/eic-approved-codes/,https://eepublicdownloads.blob.core.windows.net/cio-lio/xml/allocated-eic-codes.xml
11XSTATKRAFT001N,Statkraft Markets GmbH,STATKRAFT-DE1,https://www.entsoe.eu/data/energy-identification-codes-eic/eic-approved-codes/,https://eepublicdownloads.blob.core.windows.net/cio-lio/xml/allocated-eic-codes.xml
12X-0000001807-W,"Gunvor International B.V., Amsterdam, succursale de Genève",GUNVOR,https://www.entsoe.eu/data/energy-identification-codes-eic/eic-approved-codes/,https://eepublicdownloads.blob.core.windows.net/cio-lio/xml/allocated-eic-codes.xml
12X-0000001905-X,EnSCo Energy Services Company AG,ENSCO-AG-ST,https://www.entsoe.eu/data/energy-identification-codes-eic/eic-approved-codes/,https://eepublicdownloads.blob.core.windows.net/cio-lio/xml/allocated-eic-codes.xml
12X-0000002051-R,Vitus Capital AG,VITUS-CAPITAL-ST,https://www.entsoe.eu/data/energy-identification-codes-eic/eic-approved-codes/,https://eepublicdownloads.blob.core.windows.net/cio-lio/xml/allocated-eic-codes.xml
12X-00000020DP-Y,Edge Tech AG,EDGE-TECH-BRP,https://www.entsoe.eu/data/energy-identification-codes-eic/eic-approved-codes/,https://eepublicdownloads.blob.core.windows.net/cio-lio/xml/allocated-eic-codes.xml
12XEFT-SWITZERLR,Energy Financing Team (Switzerland) AG,EFT-SWITZERLAND,https://www.entsoe.eu/data/energy-identification-codes-eic/eic-approved-codes/,https://eepublicdownloads.blob.core.windows.net/cio-lio/xml/allocated-eic-codes.xml
12XEGL-H-------0,Axpo Solutions AG,AXPO-SOLUTION-ST,https://www.entsoe.eu/data/energy-identification-codes-eic/eic-approved-codes/,https://eepublicdownloads.blob.core.windows.net/cio-lio/xml/allocated-eic-codes.xml
14X----0000009-1,Vitol Gas & Power B.V.,VITOLGPBV,https://www.entsoe.eu/data/energy-identification-codes-eic/eic-approved-codes/,https://eepublicdownloads.blob.core.windows.net/cio-lio/xml/allocated-eic-codes.xml
14X----0000017-3,MET Austria Energy Trade GmbH,METAUSTRIA,https://www.entsoe.eu/data/energy-identification-codes-eic/eic-approved-codes/,https://eepublicdownloads.blob.core.windows.net/cio-lio/xml/allocated-eic-codes.xml
14XNATRADE-AT-11,NATRADE GmbH,NATRADE,https://www.entsoe.eu/data/energy-identification-codes-eic/eic-approved-codes/,https://eepublicdownloads.blob.core.windows.net/cio-lio/xml/allocated-eic-codes.xml
18X000000000N1RU,TRADERGY SL,-TRADERGY,https://www.entsoe.eu/data/energy-identification-codes-eic/eic-approved-codes/,https://eepublicdownloads.blob.core.windows.net/cio-lio/xml/allocated-eic-codes.xml
18XGNRA-12345-15,GNERA ENERGIA Y TECNOLOGÍA,GNRA,https://www.entsoe.eu/data/energy-identification-codes-eic/eic-approved-codes/,https://eepublicdownloads.blob.core.windows.net/cio-lio/xml/allocated-eic-codes.xml
19XTRMEWOBROT--I,RESPECT ENERGY SPÓŁKA AKCYJNA,RESPECT_ENERGY,https://www.entsoe.eu/data/energy-identification-codes-eic/eic-approved-codes/,https://eepublicdownloads.blob.core.windows.net/cio-lio/xml/allocated-eic-codes.xml
22XGSA---------N,GSA,BE_GSA,https://www.entsoe.eu/data/energy-identification-codes-eic/eic-approved-codes/,https://eepublicdownloads.blob.core.windows.net/cio-lio/xml/allocated-eic-codes.xml
23X--140603-KED3,Kosovo Electricity Supply Company-KESco,KESC,https://www.entsoe.eu/data/energy-identification-codes-eic/eic-approved-codes/,https://eepublicdownloads.blob.core.windows.net/cio-lio/xml/allocated-eic-codes.xml
23X--140911-MCM1,MCM COMMODITIES,MCM_COMMODITIES,https://www.entsoe.eu/data/energy-identification-codes-eic/eic-approved-codes/,https://eepublicdownloads.blob.core.windows.net/cio-lio/xml/allocated-eic-codes.xml
23X--150409-DHP5,Devoll Hydropower Sh.A.,DEVOLL_HP,https://www.entsoe.eu/data/energy-identification-codes-eic/eic-approved-codes/,https://eepublicdownloads.blob.core.windows.net/cio-lio/xml/allocated-eic-codes.xml
23X--150624-NET3,Nova Energy Trading ApS,NOVA_ENERGY,https://www.entsoe.eu/data/energy-identification-codes-eic/eic-approved-codes/,https://eepublicdownloads.blob.core.windows.net/cio-lio/xml/allocated-eic-codes.xml
23X--150630-NE-6,Noa Energy Trade ltd,NOA_ENERGY_TRADE,https://www.entsoe.eu/data/energy-identification-codes-eic/eic-approved-codes/,https://eepublicdownloads.blob.core.windows.net/cio-lio/xml/allocated-eic-codes.xml
23X--151118-TP-K,TRAFIGURA PTE LTD,TRAFIGURA_PTE,https://www.entsoe.eu/data/energy-identification-codes-eic/eic-approved-codes/,https://eepublicdownloads.blob.core.windows.net/cio-lio/xml/allocated-eic-codes.xml
23X--160809-FE-G,FUTURE ENERGY TRADING SHPK,FUTURE_ENERGY_XK,https://www.entsoe.eu/data/energy-identification-codes-eic/eic-approved-codes/,https://eepublicdownloads.blob.core.windows.net/cio-lio/xml/allocated-eic-codes.xml
23X--161129-ME-L,MFT Energy A/S,MFT_ENERGY,https://www.entsoe.eu/data/energy-identification-codes-eic/eic-approved-codes/,https://eepublicdownloads.blob.core.windows.net/cio-lio/xml/allocated-eic-codes.xml
23X--201125-DC-P,Danske Commodities Kosovo SH.P.K.,DANSKE_KOSOVO,https://www.entsoe.eu/data/energy-identification-codes-eic/eic-approved-codes/,https://eepublicdownloads.blob.core.windows.net/cio-lio/xml/allocated-eic-codes.xml
23X--250908--B-C,BE Power SHPK,BE_POWER_XK,https://www.entsoe.eu/data/energy-identification-codes-eic/eic-approved-codes/,https://eepublicdownloads.blob.core.windows.net/cio-lio/xml/allocated-eic-codes.xml
24X-IND-NEGO-D-3,"Industria Negotiatione Domus, s.r.o.",IND-NEGO-DOM-SK,https://www.entsoe.eu/data/energy-identification-codes-eic/eic-approved-codes/,https://eepublicdownloads.blob.core.windows.net/cio-lio/xml/allocated-eic-codes.xml
24XINCOM-TRADE-D,INCOM TRADE s.r.o.,INCOM_TRADE_SK,https://www.entsoe.eu/data/energy-identification-codes-eic/eic-approved-codes/,https://eepublicdownloads.blob.core.windows.net/cio-lio/xml/allocated-eic-codes.xml
25X-ERUEUROPEGM1,ERU Europe GmbH,ERUEUROPE,https://www.entsoe.eu/data/energy-identification-codes-eic/eic-approved-codes/,https://eepublicdownloads.blob.core.windows.net/cio-lio/xml/allocated-eic-codes.xml
26X00000001311-J,AXPO ITALIA SPA,IT-AXPOITALIA_SR,https://www.entsoe.eu/data/energy-identification-codes-eic/eic-approved-codes/,https://eepublicdownloads.blob.core.windows.net/cio-lio/xml/allocated-eic-codes.xml
26X00000009701-T,Duferco Energia S.p.A.,DUFERCO_ENERGIA,https://www.entsoe.eu/data/energy-identification-codes-eic/eic-approved-codes/,https://eepublicdownloads.blob.core.windows.net/cio-lio/xml/allocated-eic-codes.xml
26X00000106047-3,EURENERGIA,IT-EURENERGIASR,https://www.entsoe.eu/data/energy-identification-codes-eic/eic-approved-codes/,https://eepublicdownloads.blob.core.windows.net/cio-lio/xml/allocated-eic-codes.xml
26X00000114980-5,VEOS,IT-VEOSSRL,https://www.entsoe.eu/data/energy-identification-codes-eic/eic-approved-codes/,https://eepublicdownloads.blob.core.windows.net/cio-lio/xml/allocated-eic-codes.xml
27XALPIQ-ENERGYS,ALPIQ ENERGY SE,ALPIQ-ENERGY-CZ,https://www.entsoe.eu/data/energy-identification-codes-eic/eic-approved-codes/,https://eepublicdownloads.blob.core.windows.net/cio-lio/xml/allocated-eic-codes.xml
28X-INTERENERGO8,Kelag International Ljubljana d.o.o.,KELAG-INT-LJ,https://www.entsoe.eu/data/energy-identification-codes-eic/eic-approved-codes/,https://eepublicdownloads.blob.core.windows.net/cio-lio/xml/allocated-eic-codes.xml
28X000000000056P,KOLEKTOR SETUP D.O.O.,KOLEKTOR_SETUP,https://www.entsoe.eu/data/energy-identification-codes-eic/eic-approved-codes/,https://eepublicdownloads.blob.core.windows.net/cio-lio/xml/allocated-eic-codes.xml
28X0000000000997,ENERGOLINK,ENERGOLINK,https://www.entsoe.eu/data/energy-identification-codes-eic/eic-approved-codes/,https://eepublicdownloads.blob.core.windows.net/cio-lio/xml/allocated-eic-codes.xml
28XELECTRADE---R,ELECTRADE S.P.A.,ELECTRADE,https://www.entsoe.eu/data/energy-identification-codes-eic/eic-approved-codes/,https://eepublicdownloads.blob.core.windows.net/cio-lio/xml/allocated-eic-codes.xml
29X10001000100CN,DUFERCO HELLAS Α.Ε.,DUFERCOHELLAS,https://www.entsoe.eu/data/energy-identification-codes-eic/eic-approved-codes/,https://eepublicdownloads.blob.core.windows.net/cio-lio/xml/allocated-eic-codes.xml
29X10001000100HD,Axpo Solutions AG Greek Branch,AXPOGREEKBRANCH,https://www.entsoe.eu/data/energy-identification-codes-eic/eic-approved-codes/,https://eepublicdownloads.blob.core.windows.net/cio-lio/xml/allocated-eic-codes.xml
29X1000100010123,REYTECH TRADING ΜΟΝΟΠΡΟΣΩΠΗ ΑΝΩΝΥΜΗ ΕΤΑΙΡΕΙΑ,REYTECHTRADING,https://www.entsoe.eu/data/energy-identification-codes-eic/eic-approved-codes/,https://eepublicdownloads.blob.core.windows.net/cio-lio/xml/allocated-eic-codes.xml
29XHERONTHERMELC,HERON SOCIETE ANONYME ENERGY SERVICES,HERON_ENERGY_SA,https://www.entsoe.eu/data/energy-identification-codes-eic/eic-approved-codes/,https://eepublicdownloads.blob.core.windows.net/cio-lio/xml/allocated-eic-codes.xml
29XSOUSAKIPOWERE,MOTOR OIL RENEWABLE ENERGY SINGLE MEMBER S.A.,MORE,https://www.entsoe.eu/data/energy-identification-codes-eic/eic-approved-codes/,https://eepublicdownloads.blob.core.windows.net/cio-lio/xml/allocated-eic-codes.xml
29XTHESSALPOWERA,ENERWAVE SOCIETE ANONYME,ENERWAVE,https://www.entsoe.eu/data/energy-identification-codes-eic/eic-approved-codes/,https://eepublicdownloads.blob.core.windows.net/cio-lio/xml/allocated-eic-codes.xml
30XROCASORI----1,CASORI SRL,RO_CASORI,https://www.entsoe.eu/data/energy-identification-codes-eic/eic-approved-codes/,https://eepublicdownloads.blob.core.windows.net/cio-lio/xml/allocated-eic-codes.xml
31X-0153-T-000-R,D. TRADING d.o.o.,HR-D-TRADING,https://www.entsoe.eu/data/energy-identification-codes-eic/eic-approved-codes/,https://eepublicdownloads.blob.core.windows.net/cio-lio/xml/allocated-eic-codes.xml
32X-EVN-TSEE---K,EVN Trading South East Europe EAD,EVN_TSEE_EAD,https://www.entsoe.eu/data/energy-identification-codes-eic/eic-approved-codes/,https://eepublicdownloads.blob.core.windows.net/cio-lio/xml/allocated-eic-codes.xml
32X001100101073T,ENERGOVIA EOOD,ENERGOVIA_EOOD,https://www.entsoe.eu/data/energy-identification-codes-eic/eic-approved-codes/,https://eepublicdownloads.blob.core.windows.net/cio-lio/xml/allocated-eic-codes.xml
32X0011001016581,NOMAD ENERGY COMPANY LTD,NOMAD_ENERGY,https://www.entsoe.eu/data/energy-identification-codes-eic/eic-approved-codes/,https://eepublicdownloads.blob.core.windows.net/cio-lio/xml/allocated-eic-codes.xml
32X001100101677Y,KER TOKI POWER AD,KER_TOKI_POWER,https://www.entsoe.eu/data/energy-identification-codes-eic/eic-approved-codes/,https://eepublicdownloads.blob.core.windows.net/cio-lio/xml/allocated-eic-codes.xml
32XEGL-BULGARIAC,Axpo Bulgaria EAD,AXPO_BG,https://www.entsoe.eu/data/energy-identification-codes-eic/eic-approved-codes/,https://eepublicdownloads.blob.core.windows.net/cio-lio/xml/allocated-eic-codes.xml
33X-INTERENERGOU,Kelag International dooel Skopje,KELAG-INT-SK,https://www.entsoe.eu/data/energy-identification-codes-eic/eic-approved-codes/,https://eepublicdownloads.blob.core.windows.net/cio-lio/xml/allocated-eic-codes.xml
33X-TETRA-SKOP-M,Terna Energy Trading DOOEL,TETRA_DOOEL,https://www.entsoe.eu/data/energy-identification-codes-eic/eic-approved-codes/,https://eepublicdownloads.blob.core.windows.net/cio-lio/xml/allocated-eic-codes.xml
33XGREENCORE-78T,GREENCORE TRADE LLC import-export Gevgelija,GCTDOO,https://www.entsoe.eu/data/energy-identification-codes-eic/eic-approved-codes/,https://eepublicdownloads.blob.core.windows.net/cio-lio/xml/allocated-eic-codes.xml
33XPROTERGIASKPZ,PROTERGIA ENERGY DOOEL,PROTERGIA_SKOPJE,https://www.entsoe.eu/data/energy-identification-codes-eic/eic-approved-codes/,https://eepublicdownloads.blob.core.windows.net/cio-lio/xml/allocated-eic-codes.xml
33XSENTRADE----W,SENTRADE DOOEL Skopje,SENTRADE_SKOPJE,https://www.entsoe.eu/data/energy-identification-codes-eic/eic-approved-codes/,https://eepublicdownloads.blob.core.windows.net/cio-lio/xml/allocated-eic-codes.xml
33XSOLARISTRADEG,DUFERCO MK DOO Skopje,DUFERCO,https://www.entsoe.eu/data/energy-identification-codes-eic/eic-approved-codes/,https://eepublicdownloads.blob.core.windows.net/cio-lio/xml/allocated-eic-codes.xml
33XSOLARPRODLSK3,RENEWABLE ENERGY SUPPLY RES DOO Skopje,RES_MK,https://www.entsoe.eu/data/energy-identification-codes-eic/eic-approved-codes/,https://eepublicdownloads.blob.core.windows.net/cio-lio/xml/allocated-eic-codes.xml
34X-0000000074-Y,Watt and Volt doo Beograd,WAVO,https://www.entsoe.eu/data/energy-identification-codes-eic/eic-approved-codes/,https://eepublicdownloads.blob.core.windows.net/cio-lio/xml/allocated-eic-codes.xml
34X-0000000085-R,EETS TRGOVINA ELEKTRICNOM ENERGIJOM DOO BEOGRAD,EETS,https://www.entsoe.eu/data/energy-identification-codes-eic/eic-approved-codes/,https://eepublicdownloads.blob.core.windows.net/cio-lio/xml/allocated-eic-codes.xml
34X-0000000097-H,HIFAOIL ENERGY TEAM DOO,HIFA,https://www.entsoe.eu/data/energy-identification-codes-eic/eic-approved-codes/,https://eepublicdownloads.blob.core.windows.net/cio-lio/xml/allocated-eic-codes.xml
34XEGL-DOO-----6,AXPO doo Beograd,AXBE,https://www.entsoe.eu/data/energy-identification-codes-eic/eic-approved-codes/,https://eepublicdownloads.blob.core.windows.net/cio-lio/xml/allocated-eic-codes.xml
34XEPS--TRADE--N,"Akcionarsko društvo Elektroprivreda Srbije, Beograd",EPSX,https://www.entsoe.eu/data/energy-identification-codes-eic/eic-approved-codes/,https://eepublicdownloads.blob.core.windows.net/cio-lio/xml/allocated-eic-codes.xml
34XGENI-BEOGRADH,GEN-I d.o.o. Beograd,RS-GENI,https://www.entsoe.eu/data/energy-identification-codes-eic/eic-approved-codes/,https://eepublicdownloads.blob.core.windows.net/cio-lio/xml/allocated-eic-codes.xml
35XEPCGTRADING-8,Elektroprivreda Crne Gore AD Nikšić,EPCGTRADING,https://www.entsoe.eu/data/energy-identification-codes-eic/eic-approved-codes/,https://eepublicdownloads.blob.core.windows.net/cio-lio/xml/allocated-eic-codes.xml
36XEP-RSRPSKE--S,Elektroprivreda Republike Srpske,ERS,https://www.entsoe.eu/data/energy-identification-codes-eic/eic-approved-codes/,https://eepublicdownloads.blob.core.windows.net/cio-lio/xml/allocated-eic-codes.xml
36XHIFAOILTESANG,HIFA-OIL d.o.o. Tesanj,HIFA-OIL-TESANJ,https://www.entsoe.eu/data/energy-identification-codes-eic/eic-approved-codes/,https://eepublicdownloads.blob.core.windows.net/cio-lio/xml/allocated-eic-codes.xml
40X000000000283S,Unresolved EIC,,https://www.entsoe.eu/data/energy-identification-codes-eic/eic-approved-codes/,https://eepublicdownloads.blob.core.windows.net/cio-lio/xml/allocated-eic-codes.xml
40X000000000374P,Akenerji Elektrik Enerjisi İthalat İhracat ve Toptan Ticaret A.Ş.,AKENTOP,https://www.entsoe.eu/data/energy-identification-codes-eic/eic-approved-codes/,https://eepublicdownloads.blob.core.windows.net/cio-lio/xml/allocated-eic-codes.xml
45X000000000043A,In Commodities A/S,INCOMAS,https://www.entsoe.eu/data/energy-identification-codes-eic/eic-approved-codes/,https://eepublicdownloads.blob.core.windows.net/cio-lio/xml/allocated-eic-codes.xml
48X000000000358E,Volta Energy Designated Activity Company,VOLTAENERGYDAC,https://www.entsoe.eu/data/energy-identification-codes-eic/eic-approved-codes/,https://eepublicdownloads.blob.core.windows.net/cio-lio/xml/allocated-eic-codes.xml
49X000000000041S,HEKN Trading B.V.,HEKN_TRADING,https://www.entsoe.eu/data/energy-identification-codes-eic/eic-approved-codes/,https://eepublicdownloads.blob.core.windows.net/cio-lio/xml/allocated-eic-codes.xml
49X0000000000777,IHG Core Holding Ltd,IHG_CORE_HDG_LTD,https://www.entsoe.eu/data/energy-identification-codes-eic/eic-approved-codes/,https://eepublicdownloads.blob.core.windows.net/cio-lio/xml/allocated-eic-codes.xml
49X0000000000858,Enerjisa Commodities B.V.,ENERJISA,https://www.entsoe.eu/data/energy-identification-codes-eic/eic-approved-codes/,https://eepublicdownloads.blob.core.windows.net/cio-lio/xml/allocated-eic-codes.xml
49X000000000112V,Jump Trading Global Ltd.,JUMP_GLOBAL,https://www.entsoe.eu/data/energy-identification-codes-eic/eic-approved-codes/,https://eepublicdownloads.blob.core.windows.net/cio-lio/xml/allocated-eic-codes.xml
52X000000000102C,Green Energy Origination Services B.V.,GEOSERVICES,https://www.entsoe.eu/data/energy-identification-codes-eic/eic-approved-codes/,https://eepublicdownloads.blob.core.windows.net/cio-lio/xml/allocated-eic-codes.xml
53XPL000000GELL1,Somosierra Commodities Sp. z o.o.,SOMOSIERRA,https://www.entsoe.eu/data/energy-identification-codes-eic/eic-approved-codes/,https://eepublicdownloads.blob.core.windows.net/cio-lio/xml/allocated-eic-codes.xml
54X-100-1001-PRA,PROTERGIA ENERGY ALBANIA sh.p.k,PROTERGIA_ENERGY,https://www.entsoe.eu/data/energy-identification-codes-eic/eic-approved-codes/,https://eepublicdownloads.blob.core.windows.net/cio-lio/xml/allocated-eic-codes.xml
54X-10IRN102618R,ReNRGY Trading Group SH.P.K,RENRGY_AL,https://www.entsoe.eu/data/energy-identification-codes-eic/eic-approved-codes/,https://eepublicdownloads.blob.core.windows.net/cio-lio/xml/allocated-eic-codes.xml
54X-I01-AE-10-TZ,Alb Energy Trade,A_E_T_F,https://www.entsoe.eu/data/energy-identification-codes-eic/eic-approved-codes/,https://eepublicdownloads.blob.core.windows.net/cio-lio/xml/allocated-eic-codes.xml
59X---ECOTRADE-3,ECO Trade Srl,ECOTRADESRL,https://www.entsoe.eu/data/energy-identification-codes-eic/eic-approved-codes/,https://eepublicdownloads.blob.core.windows.net/cio-lio/xml/allocated-eic-codes.xml
