Delivery Month,Provider,Direction,From Zone,To Zone,Winner,Winner EIC,Participant Awarded MW,Auction Offered MW,Auction Requested MW,Auction Allocated MW,Clearing Price EUR/MWh,Auction ID,Winner Evidence,Source URL,Successful Participants
2026-10,JAO,HR→RS,HR,RS,AXPO ITALIA SPA,26X00000001311-J,,155,1745,155,3.55,HR-RS-M-BASE-------261001-01,JAO winningParties explicit Party EIC; participant MW not published,https://www.jao.eu/auctions,15
2026-10,JAO,HR→RS,HR,RS,Centrica Energy Trading A/S,11XNEAS--------Q,,155,1745,155,3.55,HR-RS-M-BASE-------261001-01,JAO winningParties explicit Party EIC; participant MW not published,https://www.jao.eu/auctions,15
2026-10,JAO,HR→RS,HR,RS,EDF TRADING Ltd,11XEDFTRADING--G,,155,1745,155,3.55,HR-RS-M-BASE-------261001-01,JAO winningParties explicit Party EIC; participant MW not published,https://www.jao.eu/auctions,15
2026-10,JAO,HR→RS,HR,RS,ENERGOLINK,28X0000000000997,,155,1745,155,3.55,HR-RS-M-BASE-------261001-01,JAO winningParties explicit Party EIC; participant MW not published,https://www.jao.eu/auctions,15
2026-10,JAO,HR→RS,HR,RS,ENERWAVE SOCIETE ANONYME,29XTHESSALPOWERA,,155,1745,155,3.55,HR-RS-M-BASE-------261001-01,JAO winningParties explicit Party EIC; participant MW not published,https://www.jao.eu/auctions,15
2026-10,JAO,HR→RS,HR,RS,Ezpada AG,11XEZPADA------P,,155,1745,155,3.55,HR-RS-M-BASE-------261001-01,JAO winningParties explicit Party EIC; participant MW not published,https://www.jao.eu/auctions,15
2026-10,JAO,HR→RS,HR,RS,GEN-I d.o.o. Beograd,34XGENI-BEOGRADH,,155,1745,155,3.55,HR-RS-M-BASE-------261001-01,JAO winningParties explicit Party EIC; participant MW not published,https://www.jao.eu/auctions,15
2026-10,JAO,HR→RS,HR,RS,"Gunvor International B.V., Amsterdam, succursale de Genève",12X-0000001807-W,,155,1745,155,3.55,HR-RS-M-BASE-------261001-01,JAO winningParties explicit Party EIC; participant MW not published,https://www.jao.eu/auctions,15
2026-10,JAO,HR→RS,HR,RS,HEKN Trading B.V.,49X000000000041S,,155,1745,155,3.55,HR-RS-M-BASE-------261001-01,JAO winningParties explicit Party EIC; participant MW not published,https://www.jao.eu/auctions,15
2026-10,JAO,HR→RS,HR,RS,Kelag International Ljubljana d.o.o.,28X-INTERENERGO8,,155,1745,155,3.55,HR-RS-M-BASE-------261001-01,JAO winningParties explicit Party EIC; participant MW not published,https://www.jao.eu/auctions,15
2026-10,JAO,HR→RS,HR,RS,MET Austria Energy Trade GmbH,14X----0000017-3,,155,1745,155,3.55,HR-RS-M-BASE-------261001-01,JAO winningParties explicit Party EIC; participant MW not published,https://www.jao.eu/auctions,15
2026-10,JAO,HR→RS,HR,RS,MFT Energy A/S,23X--161129-ME-L,,155,1745,155,3.55,HR-RS-M-BASE-------261001-01,JAO winningParties explicit Party EIC; participant MW not published,https://www.jao.eu/auctions,15
2026-10,JAO,HR→RS,HR,RS,Mind Energy A/S,11XDISAM-------V,,155,1745,155,3.55,HR-RS-M-BASE-------261001-01,JAO winningParties explicit Party EIC; participant MW not published,https://www.jao.eu/auctions,15
2026-10,JAO,HR→RS,HR,RS,TRADERGY SL,18X000000000N1RU,,155,1745,155,3.55,HR-RS-M-BASE-------261001-01,JAO winningParties explicit Party EIC; participant MW not published,https://www.jao.eu/auctions,15
2026-10,JAO,HR→RS,HR,RS,VEOS,26X00000114980-5,,155,1745,155,3.55,HR-RS-M-BASE-------261001-01,JAO winningParties explicit Party EIC; participant MW not published,https://www.jao.eu/auctions,15
2026-10,JAO,HU→RS,HU,RS,Axpo Solutions AG,12XEGL-H-------0,,528,4345,528,4.25,HU-RS-M-BASE-------261001-01,JAO winningParties explicit Party EIC; participant MW not published,https://www.jao.eu/auctions,28
2026-10,JAO,HU→RS,HU,RS,"CEZ, a.s.",11XCEZ-CZ------1,,528,4345,528,4.25,HU-RS-M-BASE-------261001-01,JAO winningParties explicit Party EIC; participant MW not published,https://www.jao.eu/auctions,28
2026-10,JAO,HU→RS,HU,RS,Centrica Energy Trading A/S,11XNEAS--------Q,,528,4345,528,4.25,HU-RS-M-BASE-------261001-01,JAO winningParties explicit Party EIC; participant MW not published,https://www.jao.eu/auctions,28
2026-10,JAO,HU→RS,HU,RS,D. TRADING d.o.o.,31X-0153-T-000-R,,528,4345,528,4.25,HU-RS-M-BASE-------261001-01,JAO winningParties explicit Party EIC; participant MW not published,https://www.jao.eu/auctions,28
2026-10,JAO,HU→RS,HU,RS,DUFERCO HELLAS Α.Ε.,29X10001000100CN,,528,4345,528,4.25,HU-RS-M-BASE-------261001-01,JAO winningParties explicit Party EIC; participant MW not published,https://www.jao.eu/auctions,28
2026-10,JAO,HU→RS,HU,RS,Danske Commodities A/S,11XDANSKECOM---P,,528,4345,528,4.25,HU-RS-M-BASE-------261001-01,JAO winningParties explicit Party EIC; participant MW not published,https://www.jao.eu/auctions,28
2026-10,JAO,HU→RS,HU,RS,ECO Trade Srl,59X---ECOTRADE-3,,528,4345,528,4.25,HU-RS-M-BASE-------261001-01,JAO winningParties explicit Party EIC; participant MW not published,https://www.jao.eu/auctions,28
2026-10,JAO,HU→RS,HU,RS,EDF TRADING Ltd,11XEDFTRADING--G,,528,4345,528,4.25,HU-RS-M-BASE-------261001-01,JAO winningParties explicit Party EIC; participant MW not published,https://www.jao.eu/auctions,28
2026-10,JAO,HU→RS,HU,RS,EETS TRGOVINA ELEKTRICNOM ENERGIJOM DOO BEOGRAD,34X-0000000085-R,,528,4345,528,4.25,HU-RS-M-BASE-------261001-01,JAO winningParties explicit Party EIC; participant MW not published,https://www.jao.eu/auctions,28
2026-10,JAO,HU→RS,HU,RS,ELECTRADE S.P.A.,28XELECTRADE---R,,528,4345,528,4.25,HU-RS-M-BASE-------261001-01,JAO winningParties explicit Party EIC; participant MW not published,https://www.jao.eu/auctions,28
2026-10,JAO,HU→RS,HU,RS,ENERWAVE SOCIETE ANONYME,29XTHESSALPOWERA,,528,4345,528,4.25,HU-RS-M-BASE-------261001-01,JAO winningParties explicit Party EIC; participant MW not published,https://www.jao.eu/auctions,28
2026-10,JAO,HU→RS,HU,RS,EURENERGIA,26X00000106047-3,,528,4345,528,4.25,HU-RS-M-BASE-------261001-01,JAO winningParties explicit Party EIC; participant MW not published,https://www.jao.eu/auctions,28
2026-10,JAO,HU→RS,HU,RS,EnSCo Energy Services Company AG,12X-0000001905-X,,528,4345,528,4.25,HU-RS-M-BASE-------261001-01,JAO winningParties explicit Party EIC; participant MW not published,https://www.jao.eu/auctions,28
2026-10,JAO,HU→RS,HU,RS,Engelhart CTP Renewables GmbH,11X0-0000-0518-U,,528,4345,528,4.25,HU-RS-M-BASE-------261001-01,JAO winningParties explicit Party EIC; participant MW not published,https://www.jao.eu/auctions,28
2026-10,JAO,HU→RS,HU,RS,Ezpada AG,11XEZPADA------P,,528,4345,528,4.25,HU-RS-M-BASE-------261001-01,JAO winningParties explicit Party EIC; participant MW not published,https://www.jao.eu/auctions,28
2026-10,JAO,HU→RS,HU,RS,Green Energy Origination Services B.V.,52X000000000102C,,528,4345,528,4.25,HU-RS-M-BASE-------261001-01,JAO winningParties explicit Party EIC; participant MW not published,https://www.jao.eu/auctions,28
2026-10,JAO,HU→RS,HU,RS,"Gunvor International B.V., Amsterdam, succursale de Genève",12X-0000001807-W,,528,4345,528,4.25,HU-RS-M-BASE-------261001-01,JAO winningParties explicit Party EIC; participant MW not published,https://www.jao.eu/auctions,28
2026-10,JAO,HU→RS,HU,RS,IHG Core Holding Ltd,49X0000000000777,,528,4345,528,4.25,HU-RS-M-BASE-------261001-01,JAO winningParties explicit Party EIC; participant MW not published,https://www.jao.eu/auctions,28
2026-10,JAO,HU→RS,HU,RS,In Commodities A/S,45X000000000043A,,528,4345,528,4.25,HU-RS-M-BASE-------261001-01,JAO winningParties explicit Party EIC; participant MW not published,https://www.jao.eu/auctions,28
2026-10,JAO,HU→RS,HU,RS,KER TOKI POWER AD,32X001100101677Y,,528,4345,528,4.25,HU-RS-M-BASE-------261001-01,JAO winningParties explicit Party EIC; participant MW not published,https://www.jao.eu/auctions,28
2026-10,JAO,HU→RS,HU,RS,KOLEKTOR SETUP D.O.O.,28X000000000056P,,528,4345,528,4.25,HU-RS-M-BASE-------261001-01,JAO winningParties explicit Party EIC; participant MW not published,https://www.jao.eu/auctions,28
2026-10,JAO,HU→RS,HU,RS,MOTOR OIL RENEWABLE ENERGY SINGLE MEMBER S.A.,29XSOUSAKIPOWERE,,528,4345,528,4.25,HU-RS-M-BASE-------261001-01,JAO winningParties explicit Party EIC; participant MW not published,https://www.jao.eu/auctions,28
2026-10,JAO,HU→RS,HU,RS,Mind Energy A/S,11XDISAM-------V,,528,4345,528,4.25,HU-RS-M-BASE-------261001-01,JAO winningParties explicit Party EIC; participant MW not published,https://www.jao.eu/auctions,28
2026-10,JAO,HU→RS,HU,RS,Nova Energy Trading ApS,23X--150624-NET3,,528,4345,528,4.25,HU-RS-M-BASE-------261001-01,JAO winningParties explicit Party EIC; participant MW not published,https://www.jao.eu/auctions,28
2026-10,JAO,HU→RS,HU,RS,PUBLIC POWER CORPORATION S.A.,11XPPCDDE9-----D,,528,4345,528,4.25,HU-RS-M-BASE-------261001-01,JAO winningParties explicit Party EIC; participant MW not published,https://www.jao.eu/auctions,28
2026-10,JAO,HU→RS,HU,RS,Statkraft Markets GmbH,11XSTATKRAFT001N,,528,4345,528,4.25,HU-RS-M-BASE-------261001-01,JAO winningParties explicit Party EIC; participant MW not published,https://www.jao.eu/auctions,28
2026-10,JAO,HU→RS,HU,RS,TRAFIGURA PTE LTD,23X--151118-TP-K,,528,4345,528,4.25,HU-RS-M-BASE-------261001-01,JAO winningParties explicit Party EIC; participant MW not published,https://www.jao.eu/auctions,28
2026-10,JAO,HU→RS,HU,RS,VEOS,26X00000114980-5,,528,4345,528,4.25,HU-RS-M-BASE-------261001-01,JAO winningParties explicit Party EIC; participant MW not published,https://www.jao.eu/auctions,28
2026-10,JAO,HU→UA,HU,UA,Axpo Solutions AG,12XEGL-H-------0,,366,2037,366,1.33,HU-UA-M-BASE-------261001-01,JAO winningParties explicit Party EIC; participant MW not published,https://www.jao.eu/auctions,13
2026-10,JAO,HU→UA,HU,UA,CASORI SRL,30XROCASORI----1,,366,2037,366,1.33,HU-UA-M-BASE-------261001-01,JAO winningParties explicit Party EIC; participant MW not published,https://www.jao.eu/auctions,13
2026-10,JAO,HU→UA,HU,UA,"CEZ, a.s.",11XCEZ-CZ------1,,366,2037,366,1.33,HU-UA-M-BASE-------261001-01,JAO winningParties explicit Party EIC; participant MW not published,https://www.jao.eu/auctions,13
2026-10,JAO,HU→UA,HU,UA,Centrica Energy Trading A/S,11XNEAS--------Q,,366,2037,366,1.33,HU-UA-M-BASE-------261001-01,JAO winningParties explicit Party EIC; participant MW not published,https://www.jao.eu/auctions,13
2026-10,JAO,HU→UA,HU,UA,D. TRADING d.o.o.,31X-0153-T-000-R,,366,2037,366,1.33,HU-UA-M-BASE-------261001-01,JAO winningParties explicit Party EIC; participant MW not published,https://www.jao.eu/auctions,13
2026-10,JAO,HU→UA,HU,UA,Danske Commodities A/S,11XDANSKECOM---P,,366,2037,366,1.33,HU-UA-M-BASE-------261001-01,JAO winningParties explicit Party EIC; participant MW not published,https://www.jao.eu/auctions,13
2026-10,JAO,HU→UA,HU,UA,ERU Europe GmbH,25X-ERUEUROPEGM1,,366,2037,366,1.33,HU-UA-M-BASE-------261001-01,JAO winningParties explicit Party EIC; participant MW not published,https://www.jao.eu/auctions,13
2026-10,JAO,HU→UA,HU,UA,Energy Financing Team (Switzerland) AG,12XEFT-SWITZERLR,,366,2037,366,1.33,HU-UA-M-BASE-------261001-01,JAO winningParties explicit Party EIC; participant MW not published,https://www.jao.eu/auctions,13
2026-10,JAO,HU→UA,HU,UA,"GEN-I, trgovanje in prodaja elektricne energije, d.o.o.",11XIGET--------D,,366,2037,366,1.33,HU-UA-M-BASE-------261001-01,JAO winningParties explicit Party EIC; participant MW not published,https://www.jao.eu/auctions,13
2026-10,JAO,HU→UA,HU,UA,Hartree Partners Power & Gas Co UK Ltd,11X-HESSENERGY-9,,366,2037,366,1.33,HU-UA-M-BASE-------261001-01,JAO winningParties explicit Party EIC; participant MW not published,https://www.jao.eu/auctions,13
2026-10,JAO,HU→UA,HU,UA,INCOM TRADE s.r.o.,24XINCOM-TRADE-D,,366,2037,366,1.33,HU-UA-M-BASE-------261001-01,JAO winningParties explicit Party EIC; participant MW not published,https://www.jao.eu/auctions,13
2026-10,JAO,HU→UA,HU,UA,Vitol Gas & Power B.V.,14X----0000009-1,,366,2037,366,1.33,HU-UA-M-BASE-------261001-01,JAO winningParties explicit Party EIC; participant MW not published,https://www.jao.eu/auctions,13
2026-10,JAO,HU→UA,HU,UA,Volta Energy Designated Activity Company,48X000000000358E,,366,2037,366,1.33,HU-UA-M-BASE-------261001-01,JAO winningParties explicit Party EIC; participant MW not published,https://www.jao.eu/auctions,13
2026-10,JAO,RO→RS,RO,RS,AXPO ITALIA SPA,26X00000001311-J,,701,3765,701,1,RO-RS-M-BASE-------261001-01,JAO winningParties explicit Party EIC; participant MW not published,https://www.jao.eu/auctions,16
2026-10,JAO,RO→RS,RO,RS,Axpo Bulgaria EAD,32XEGL-BULGARIAC,,701,3765,701,1,RO-RS-M-BASE-------261001-01,JAO winningParties explicit Party EIC; participant MW not published,https://www.jao.eu/auctions,16
2026-10,JAO,RO→RS,RO,RS,D. TRADING d.o.o.,31X-0153-T-000-R,,701,3765,701,1,RO-RS-M-BASE-------261001-01,JAO winningParties explicit Party EIC; participant MW not published,https://www.jao.eu/auctions,16
2026-10,JAO,RO→RS,RO,RS,Danske Commodities A/S,11XDANSKECOM---P,,701,3765,701,1,RO-RS-M-BASE-------261001-01,JAO winningParties explicit Party EIC; participant MW not published,https://www.jao.eu/auctions,16
2026-10,JAO,RO→RS,RO,RS,EDF TRADING Ltd,11XEDFTRADING--G,,701,3765,701,1,RO-RS-M-BASE-------261001-01,JAO winningParties explicit Party EIC; participant MW not published,https://www.jao.eu/auctions,16
2026-10,JAO,RO→RS,RO,RS,EURENERGIA,26X00000106047-3,,701,3765,701,1,RO-RS-M-BASE-------261001-01,JAO winningParties explicit Party EIC; participant MW not published,https://www.jao.eu/auctions,16
2026-10,JAO,RO→RS,RO,RS,Freepoint Commodities Europe LLP,11XFREEPOINT---N,,701,3765,701,1,RO-RS-M-BASE-------261001-01,JAO winningParties explicit Party EIC; participant MW not published,https://www.jao.eu/auctions,16
2026-10,JAO,RO→RS,RO,RS,GEN-I d.o.o. Beograd,34XGENI-BEOGRADH,,701,3765,701,1,RO-RS-M-BASE-------261001-01,JAO winningParties explicit Party EIC; participant MW not published,https://www.jao.eu/auctions,16
2026-10,JAO,RO→RS,RO,RS,In Commodities A/S,45X000000000043A,,701,3765,701,1,RO-RS-M-BASE-------261001-01,JAO winningParties explicit Party EIC; participant MW not published,https://www.jao.eu/auctions,16
2026-10,JAO,RO→RS,RO,RS,Jump Trading Global Ltd.,49X000000000112V,,701,3765,701,1,RO-RS-M-BASE-------261001-01,JAO winningParties explicit Party EIC; participant MW not published,https://www.jao.eu/auctions,16
2026-10,JAO,RO→RS,RO,RS,Kelag International Ljubljana d.o.o.,28X-INTERENERGO8,,701,3765,701,1,RO-RS-M-BASE-------261001-01,JAO winningParties explicit Party EIC; participant MW not published,https://www.jao.eu/auctions,16
2026-10,JAO,RO→RS,RO,RS,MET Austria Energy Trade GmbH,14X----0000017-3,,701,3765,701,1,RO-RS-M-BASE-------261001-01,JAO winningParties explicit Party EIC; participant MW not published,https://www.jao.eu/auctions,16
2026-10,JAO,RO→RS,RO,RS,Mind Energy A/S,11XDISAM-------V,,701,3765,701,1,RO-RS-M-BASE-------261001-01,JAO winningParties explicit Party EIC; participant MW not published,https://www.jao.eu/auctions,16
2026-10,JAO,RO→RS,RO,RS,Statkraft Markets GmbH,11XSTATKRAFT001N,,701,3765,701,1,RO-RS-M-BASE-------261001-01,JAO winningParties explicit Party EIC; participant MW not published,https://www.jao.eu/auctions,16
2026-10,JAO,RO→RS,RO,RS,VEOS,26X00000114980-5,,701,3765,701,1,RO-RS-M-BASE-------261001-01,JAO winningParties explicit Party EIC; participant MW not published,https://www.jao.eu/auctions,16
2026-10,JAO,RO→RS,RO,RS,Vitus Capital AG,12X-0000002051-R,,701,3765,701,1,RO-RS-M-BASE-------261001-01,JAO winningParties explicit Party EIC; participant MW not published,https://www.jao.eu/auctions,16
2026-10,JAO,RO→UA,RO,UA,CASORI SRL,30XROCASORI----1,,136,822,136,1.18,RO-UA-M-BASE-------261001-01,JAO winningParties explicit Party EIC; participant MW not published,https://www.jao.eu/auctions,7
2026-10,JAO,RO→UA,RO,UA,"CEZ, a.s.",11XCEZ-CZ------1,,136,822,136,1.18,RO-UA-M-BASE-------261001-01,JAO winningParties explicit Party EIC; participant MW not published,https://www.jao.eu/auctions,7
2026-10,JAO,RO→UA,RO,UA,Centrica Energy Trading A/S,11XNEAS--------Q,,136,822,136,1.18,RO-UA-M-BASE-------261001-01,JAO winningParties explicit Party EIC; participant MW not published,https://www.jao.eu/auctions,7
2026-10,JAO,RO→UA,RO,UA,D. TRADING d.o.o.,31X-0153-T-000-R,,136,822,136,1.18,RO-UA-M-BASE-------261001-01,JAO winningParties explicit Party EIC; participant MW not published,https://www.jao.eu/auctions,7
2026-10,JAO,RO→UA,RO,UA,Energy Financing Team (Switzerland) AG,12XEFT-SWITZERLR,,136,822,136,1.18,RO-UA-M-BASE-------261001-01,JAO winningParties explicit Party EIC; participant MW not published,https://www.jao.eu/auctions,7
2026-10,JAO,RO→UA,RO,UA,"GEN-I, trgovanje in prodaja elektricne energije, d.o.o.",11XIGET--------D,,136,822,136,1.18,RO-UA-M-BASE-------261001-01,JAO winningParties explicit Party EIC; participant MW not published,https://www.jao.eu/auctions,7
2026-10,JAO,RO→UA,RO,UA,Vitol Gas & Power B.V.,14X----0000009-1,,136,822,136,1.18,RO-UA-M-BASE-------261001-01,JAO winningParties explicit Party EIC; participant MW not published,https://www.jao.eu/auctions,7
2026-10,JAO,RS→HR,RS,HR,EDF TRADING Ltd,11XEDFTRADING--G,,152,1978,152,2.13,RS-HR-M-BASE-------261001-01,JAO winningParties explicit Party EIC; participant MW not published,https://www.jao.eu/auctions,8
2026-10,JAO,RS→HR,RS,HR,GEN-I d.o.o. Beograd,34XGENI-BEOGRADH,,152,1978,152,2.13,RS-HR-M-BASE-------261001-01,JAO winningParties explicit Party EIC; participant MW not published,https://www.jao.eu/auctions,8
2026-10,JAO,RS→HR,RS,HR,GNERA ENERGIA Y TECNOLOGÍA,18XGNRA-12345-15,,152,1978,152,2.13,RS-HR-M-BASE-------261001-01,JAO winningParties explicit Party EIC; participant MW not published,https://www.jao.eu/auctions,8
2026-10,JAO,RS→HR,RS,HR,HIFAOIL ENERGY TEAM DOO,34X-0000000097-H,,152,1978,152,2.13,RS-HR-M-BASE-------261001-01,JAO winningParties explicit Party EIC; participant MW not published,https://www.jao.eu/auctions,8
2026-10,JAO,RS→HR,RS,HR,HOLDING SLOVENSKE ELEKTRARNE d.o.o.,11XHSE-SLOVENIAG,,152,1978,152,2.13,RS-HR-M-BASE-------261001-01,JAO winningParties explicit Party EIC; participant MW not published,https://www.jao.eu/auctions,8
2026-10,JAO,RS→HR,RS,HR,In Commodities A/S,45X000000000043A,,152,1978,152,2.13,RS-HR-M-BASE-------261001-01,JAO winningParties explicit Party EIC; participant MW not published,https://www.jao.eu/auctions,8
2026-10,JAO,RS→HR,RS,HR,RESPECT ENERGY SPÓŁKA AKCYJNA,19XTRMEWOBROT--I,,152,1978,152,2.13,RS-HR-M-BASE-------261001-01,JAO winningParties explicit Party EIC; participant MW not published,https://www.jao.eu/auctions,8
2026-10,JAO,RS→HR,RS,HR,Somosierra Commodities Sp. z o.o.,53XPL000000GELL1,,152,1978,152,2.13,RS-HR-M-BASE-------261001-01,JAO winningParties explicit Party EIC; participant MW not published,https://www.jao.eu/auctions,8
2026-10,JAO,RS→HU,RS,HU,D. TRADING d.o.o.,31X-0153-T-000-R,,600,5476,600,4.85,RS-HU-M-BASE-------261001-01,JAO winningParties explicit Party EIC; participant MW not published,https://www.jao.eu/auctions,22
2026-10,JAO,RS→HU,RS,HU,DUFERCO HELLAS Α.Ε.,29X10001000100CN,,600,5476,600,4.85,RS-HU-M-BASE-------261001-01,JAO winningParties explicit Party EIC; participant MW not published,https://www.jao.eu/auctions,22
2026-10,JAO,RS→HU,RS,HU,Danske Commodities A/S,11XDANSKECOM---P,,600,5476,600,4.85,RS-HU-M-BASE-------261001-01,JAO winningParties explicit Party EIC; participant MW not published,https://www.jao.eu/auctions,22
2026-10,JAO,RS→HU,RS,HU,EDF TRADING Ltd,11XEDFTRADING--G,,600,5476,600,4.85,RS-HU-M-BASE-------261001-01,JAO winningParties explicit Party EIC; participant MW not published,https://www.jao.eu/auctions,22
2026-10,JAO,RS→HU,RS,HU,EETS TRGOVINA ELEKTRICNOM ENERGIJOM DOO BEOGRAD,34X-0000000085-R,,600,5476,600,4.85,RS-HU-M-BASE-------261001-01,JAO winningParties explicit Party EIC; participant MW not published,https://www.jao.eu/auctions,22
2026-10,JAO,RS→HU,RS,HU,EURENERGIA,26X00000106047-3,,600,5476,600,4.85,RS-HU-M-BASE-------261001-01,JAO winningParties explicit Party EIC; participant MW not published,https://www.jao.eu/auctions,22
2026-10,JAO,RS→HU,RS,HU,Edge Tech AG,12X-00000020DP-Y,,600,5476,600,4.85,RS-HU-M-BASE-------261001-01,JAO winningParties explicit Party EIC; participant MW not published,https://www.jao.eu/auctions,22
2026-10,JAO,RS→HU,RS,HU,EnSCo Energy Services Company AG,12X-0000001905-X,,600,5476,600,4.85,RS-HU-M-BASE-------261001-01,JAO winningParties explicit Party EIC; participant MW not published,https://www.jao.eu/auctions,22
2026-10,JAO,RS→HU,RS,HU,Enerjisa Commodities B.V.,49X0000000000858,,600,5476,600,4.85,RS-HU-M-BASE-------261001-01,JAO winningParties explicit Party EIC; participant MW not published,https://www.jao.eu/auctions,22
2026-10,JAO,RS→HU,RS,HU,"GEN-I, trgovanje in prodaja elektricne energije, d.o.o.",11XIGET--------D,,600,5476,600,4.85,RS-HU-M-BASE-------261001-01,JAO winningParties explicit Party EIC; participant MW not published,https://www.jao.eu/auctions,22
2026-10,JAO,RS→HU,RS,HU,GNERA ENERGIA Y TECNOLOGÍA,18XGNRA-12345-15,,600,5476,600,4.85,RS-HU-M-BASE-------261001-01,JAO winningParties explicit Party EIC; participant MW not published,https://www.jao.eu/auctions,22
2026-10,JAO,RS→HU,RS,HU,Green Energy Origination Services B.V.,52X000000000102C,,600,5476,600,4.85,RS-HU-M-BASE-------261001-01,JAO winningParties explicit Party EIC; participant MW not published,https://www.jao.eu/auctions,22
2026-10,JAO,RS→HU,RS,HU,HIFAOIL ENERGY TEAM DOO,34X-0000000097-H,,600,5476,600,4.85,RS-HU-M-BASE-------261001-01,JAO winningParties explicit Party EIC; participant MW not published,https://www.jao.eu/auctions,22
2026-10,JAO,RS→HU,RS,HU,IHG Core Holding Ltd,49X0000000000777,,600,5476,600,4.85,RS-HU-M-BASE-------261001-01,JAO winningParties explicit Party EIC; participant MW not published,https://www.jao.eu/auctions,22
2026-10,JAO,RS→HU,RS,HU,In Commodities A/S,45X000000000043A,,600,5476,600,4.85,RS-HU-M-BASE-------261001-01,JAO winningParties explicit Party EIC; participant MW not published,https://www.jao.eu/auctions,22
2026-10,JAO,RS→HU,RS,HU,KER TOKI POWER AD,32X001100101677Y,,600,5476,600,4.85,RS-HU-M-BASE-------261001-01,JAO winningParties explicit Party EIC; participant MW not published,https://www.jao.eu/auctions,22
2026-10,JAO,RS→HU,RS,HU,KOLEKTOR SETUP D.O.O.,28X000000000056P,,600,5476,600,4.85,RS-HU-M-BASE-------261001-01,JAO winningParties explicit Party EIC; participant MW not published,https://www.jao.eu/auctions,22
2026-10,JAO,RS→HU,RS,HU,MOTOR OIL RENEWABLE ENERGY SINGLE MEMBER S.A.,29XSOUSAKIPOWERE,,600,5476,600,4.85,RS-HU-M-BASE-------261001-01,JAO winningParties explicit Party EIC; participant MW not published,https://www.jao.eu/auctions,22
2026-10,JAO,RS→HU,RS,HU,Mind Energy A/S,11XDISAM-------V,,600,5476,600,4.85,RS-HU-M-BASE-------261001-01,JAO winningParties explicit Party EIC; participant MW not published,https://www.jao.eu/auctions,22
2026-10,JAO,RS→HU,RS,HU,NOMAD ENERGY COMPANY LTD,32X0011001016581,,600,5476,600,4.85,RS-HU-M-BASE-------261001-01,JAO winningParties explicit Party EIC; participant MW not published,https://www.jao.eu/auctions,22
2026-10,JAO,RS→HU,RS,HU,Nova Energy Trading ApS,23X--150624-NET3,,600,5476,600,4.85,RS-HU-M-BASE-------261001-01,JAO winningParties explicit Party EIC; participant MW not published,https://www.jao.eu/auctions,22
2026-10,JAO,RS→HU,RS,HU,Statkraft Markets GmbH,11XSTATKRAFT001N,,600,5476,600,4.85,RS-HU-M-BASE-------261001-01,JAO winningParties explicit Party EIC; participant MW not published,https://www.jao.eu/auctions,22
2026-10,JAO,RS→MK,RS,MK,EDF TRADING Ltd,11XEDFTRADING--G,,300,1617,298,0.83,RS-MK-M-BASE-------261001-01,JAO winningParties explicit Party EIC; participant MW not published,https://www.jao.eu/auctions,12
2026-10,JAO,RS→MK,RS,MK,EURENERGIA,26X00000106047-3,,300,1617,298,0.83,RS-MK-M-BASE-------261001-01,JAO winningParties explicit Party EIC; participant MW not published,https://www.jao.eu/auctions,12
2026-10,JAO,RS→MK,RS,MK,EVN Trading South East Europe EAD,32X-EVN-TSEE---K,,300,1617,298,0.83,RS-MK-M-BASE-------261001-01,JAO winningParties explicit Party EIC; participant MW not published,https://www.jao.eu/auctions,12
2026-10,JAO,RS→MK,RS,MK,Energy Financing Team (Switzerland) AG,12XEFT-SWITZERLR,,300,1617,298,0.83,RS-MK-M-BASE-------261001-01,JAO winningParties explicit Party EIC; participant MW not published,https://www.jao.eu/auctions,12
2026-10,JAO,RS→MK,RS,MK,GEN-I d.o.o. Beograd,34XGENI-BEOGRADH,,300,1617,298,0.83,RS-MK-M-BASE-------261001-01,JAO winningParties explicit Party EIC; participant MW not published,https://www.jao.eu/auctions,12
2026-10,JAO,RS→MK,RS,MK,GREENCORE TRADE LLC import-export Gevgelija,33XGREENCORE-78T,,300,1617,298,0.83,RS-MK-M-BASE-------261001-01,JAO winningParties explicit Party EIC; participant MW not published,https://www.jao.eu/auctions,12
2026-10,JAO,RS→MK,RS,MK,HOLDING SLOVENSKE ELEKTRARNE d.o.o.,11XHSE-SLOVENIAG,,300,1617,298,0.83,RS-MK-M-BASE-------261001-01,JAO winningParties explicit Party EIC; participant MW not published,https://www.jao.eu/auctions,12
2026-10,JAO,RS→MK,RS,MK,MFT Energy A/S,23X--161129-ME-L,,300,1617,298,0.83,RS-MK-M-BASE-------261001-01,JAO winningParties explicit Party EIC; participant MW not published,https://www.jao.eu/auctions,12
2026-10,JAO,RS→MK,RS,MK,MOTOR OIL RENEWABLE ENERGY SINGLE MEMBER S.A.,29XSOUSAKIPOWERE,,300,1617,298,0.83,RS-MK-M-BASE-------261001-01,JAO winningParties explicit Party EIC; participant MW not published,https://www.jao.eu/auctions,12
2026-10,JAO,RS→MK,RS,MK,RESPECT ENERGY SPÓŁKA AKCYJNA,19XTRMEWOBROT--I,,300,1617,298,0.83,RS-MK-M-BASE-------261001-01,JAO winningParties explicit Party EIC; participant MW not published,https://www.jao.eu/auctions,12
2026-10,JAO,RS→MK,RS,MK,Somosierra Commodities Sp. z o.o.,53XPL000000GELL1,,300,1617,298,0.83,RS-MK-M-BASE-------261001-01,JAO winningParties explicit Party EIC; participant MW not published,https://www.jao.eu/auctions,12
2026-10,JAO,RS→MK,RS,MK,Watt and Volt doo Beograd,34X-0000000074-Y,,300,1617,298,0.83,RS-MK-M-BASE-------261001-01,JAO winningParties explicit Party EIC; participant MW not published,https://www.jao.eu/auctions,12
2026-10,JAO,UA→HU,UA,HU,Centrica Energy Trading A/S,11XNEAS--------Q,,57,338,57,14.22,UA-HU-M-BASE-------261001-01,JAO winningParties explicit Party EIC; participant MW not published,https://www.jao.eu/auctions,3
2026-10,JAO,UA→HU,UA,HU,D. TRADING d.o.o.,31X-0153-T-000-R,,57,338,57,14.22,UA-HU-M-BASE-------261001-01,JAO winningParties explicit Party EIC; participant MW not published,https://www.jao.eu/auctions,3
2026-10,JAO,UA→HU,UA,HU,NATRADE GmbH,14XNATRADE-AT-11,,57,338,57,14.22,UA-HU-M-BASE-------261001-01,JAO winningParties explicit Party EIC; participant MW not published,https://www.jao.eu/auctions,3
2026-10,JAO,UA→RO,UA,RO,"CEZ, a.s.",11XCEZ-CZ------1,,21,135,21,11.5,UA-RO-M-BASE-------261001-01,JAO winningParties explicit Party EIC; participant MW not published,https://www.jao.eu/auctions,4
2026-10,JAO,UA→RO,UA,RO,Centrica Energy Trading A/S,11XNEAS--------Q,,21,135,21,11.5,UA-RO-M-BASE-------261001-01,JAO winningParties explicit Party EIC; participant MW not published,https://www.jao.eu/auctions,4
2026-10,JAO,UA→RO,UA,RO,D. TRADING d.o.o.,31X-0153-T-000-R,,21,135,21,11.5,UA-RO-M-BASE-------261001-01,JAO winningParties explicit Party EIC; participant MW not published,https://www.jao.eu/auctions,4
2026-10,JAO,UA→RO,UA,RO,"Industria Negotiatione Domus, s.r.o.",24X-IND-NEGO-D-3,,21,135,21,11.5,UA-RO-M-BASE-------261001-01,JAO winningParties explicit Party EIC; participant MW not published,https://www.jao.eu/auctions,4
2026-10,SEE CAO,AL→GR,AL,GR,Axpo Solutions AG Greek Branch,29X10001000100HD,,350.00,838,350,0.41,ALGR-M-20261001-68255,SEE CAO participantsSold explicit EIC; participant MW not published,https://api.seecao.com/api/data?auctionIdentification=ALGR-M-20261001-68255,16
2026-10,SEE CAO,AL→GR,AL,GR,"CEZ, a.s.",11XCEZ-CZ------1,,350.00,838,350,0.41,ALGR-M-20261001-68255,SEE CAO participantsSold explicit EIC; participant MW not published,https://api.seecao.com/api/data?auctionIdentification=ALGR-M-20261001-68255,16
2026-10,SEE CAO,AL→GR,AL,GR,DUFERCO HELLAS Α.Ε.,29X10001000100CN,,350.00,838,350,0.41,ALGR-M-20261001-68255,SEE CAO participantsSold explicit EIC; participant MW not published,https://api.seecao.com/api/data?auctionIdentification=ALGR-M-20261001-68255,16
2026-10,SEE CAO,AL→GR,AL,GR,Danske Commodities A/S,11XDANSKECOM---P,,350.00,838,350,0.41,ALGR-M-20261001-68255,SEE CAO participantsSold explicit EIC; participant MW not published,https://api.seecao.com/api/data?auctionIdentification=ALGR-M-20261001-68255,16
2026-10,SEE CAO,AL→GR,AL,GR,Duferco Energia S.p.A.,26X00000009701-T,,350.00,838,350,0.41,ALGR-M-20261001-68255,SEE CAO participantsSold explicit EIC; participant MW not published,https://api.seecao.com/api/data?auctionIdentification=ALGR-M-20261001-68255,16
2026-10,SEE CAO,AL→GR,AL,GR,EDF TRADING Ltd,11XEDFTRADING--G,,350.00,838,350,0.41,ALGR-M-20261001-68255,SEE CAO participantsSold explicit EIC; participant MW not published,https://api.seecao.com/api/data?auctionIdentification=ALGR-M-20261001-68255,16
2026-10,SEE CAO,AL→GR,AL,GR,EnSCo Energy Services Company AG,12X-0000001905-X,,350.00,838,350,0.41,ALGR-M-20261001-68255,SEE CAO participantsSold explicit EIC; participant MW not published,https://api.seecao.com/api/data?auctionIdentification=ALGR-M-20261001-68255,16
2026-10,SEE CAO,AL→GR,AL,GR,"GEN-I, trgovanje in prodaja elektricne energije, d.o.o.",11XIGET--------D,,350.00,838,350,0.41,ALGR-M-20261001-68255,SEE CAO participantsSold explicit EIC; participant MW not published,https://api.seecao.com/api/data?auctionIdentification=ALGR-M-20261001-68255,16
2026-10,SEE CAO,AL→GR,AL,GR,GSA,22XGSA---------N,,350.00,838,350,0.41,ALGR-M-20261001-68255,SEE CAO participantsSold explicit EIC; participant MW not published,https://api.seecao.com/api/data?auctionIdentification=ALGR-M-20261001-68255,16
2026-10,SEE CAO,AL→GR,AL,GR,HERON SOCIETE ANONYME ENERGY SERVICES,29XHERONTHERMELC,,350.00,838,350,0.41,ALGR-M-20261001-68255,SEE CAO participantsSold explicit EIC; participant MW not published,https://api.seecao.com/api/data?auctionIdentification=ALGR-M-20261001-68255,16
2026-10,SEE CAO,AL→GR,AL,GR,Kelag International Ljubljana d.o.o.,28X-INTERENERGO8,,350.00,838,350,0.41,ALGR-M-20261001-68255,SEE CAO participantsSold explicit EIC; participant MW not published,https://api.seecao.com/api/data?auctionIdentification=ALGR-M-20261001-68255,16
2026-10,SEE CAO,AL→GR,AL,GR,Mind Energy A/S,11XDISAM-------V,,350.00,838,350,0.41,ALGR-M-20261001-68255,SEE CAO participantsSold explicit EIC; participant MW not published,https://api.seecao.com/api/data?auctionIdentification=ALGR-M-20261001-68255,16
2026-10,SEE CAO,AL→GR,AL,GR,PUBLIC POWER CORPORATION S.A.,11XPPCDDE9-----D,,350.00,838,350,0.41,ALGR-M-20261001-68255,SEE CAO participantsSold explicit EIC; participant MW not published,https://api.seecao.com/api/data?auctionIdentification=ALGR-M-20261001-68255,16
2026-10,SEE CAO,AL→GR,AL,GR,ReNRGY Trading Group SH.P.K,54X-10IRN102618R,,350.00,838,350,0.41,ALGR-M-20261001-68255,SEE CAO participantsSold explicit EIC; participant MW not published,https://api.seecao.com/api/data?auctionIdentification=ALGR-M-20261001-68255,16
2026-10,SEE CAO,AL→GR,AL,GR,Statkraft Markets GmbH,11XSTATKRAFT001N,,350.00,838,350,0.41,ALGR-M-20261001-68255,SEE CAO participantsSold explicit EIC; participant MW not published,https://api.seecao.com/api/data?auctionIdentification=ALGR-M-20261001-68255,16
2026-10,SEE CAO,AL→GR,AL,GR,Terna Energy Trading DOOEL,33X-TETRA-SKOP-M,,350.00,838,350,0.41,ALGR-M-20261001-68255,SEE CAO participantsSold explicit EIC; participant MW not published,https://api.seecao.com/api/data?auctionIdentification=ALGR-M-20261001-68255,16
2026-10,SEE CAO,AL→ME,AL,ME,"CEZ, a.s.",11XCEZ-CZ------1,,50.00,315,50,5.50,ALME-M-20261001-68253,SEE CAO participantsSold explicit EIC; participant MW not published,https://api.seecao.com/api/data?auctionIdentification=ALME-M-20261001-68253,6
2026-10,SEE CAO,AL→ME,AL,ME,ENERGOVIA EOOD,32X001100101073T,,50.00,315,50,5.50,ALME-M-20261001-68253,SEE CAO participantsSold explicit EIC; participant MW not published,https://api.seecao.com/api/data?auctionIdentification=ALME-M-20261001-68253,6
2026-10,SEE CAO,AL→ME,AL,ME,HOLDING SLOVENSKE ELEKTRARNE d.o.o.,11XHSE-SLOVENIAG,,50.00,315,50,5.50,ALME-M-20261001-68253,SEE CAO participantsSold explicit EIC; participant MW not published,https://api.seecao.com/api/data?auctionIdentification=ALME-M-20261001-68253,6
2026-10,SEE CAO,AL→ME,AL,ME,Statkraft Markets GmbH,11XSTATKRAFT001N,,50.00,315,50,5.50,ALME-M-20261001-68253,SEE CAO participantsSold explicit EIC; participant MW not published,https://api.seecao.com/api/data?auctionIdentification=ALME-M-20261001-68253,6
2026-10,SEE CAO,AL→ME,AL,ME,Terna Energy Trading DOOEL,33X-TETRA-SKOP-M,,50.00,315,50,5.50,ALME-M-20261001-68253,SEE CAO participantsSold explicit EIC; participant MW not published,https://api.seecao.com/api/data?auctionIdentification=ALME-M-20261001-68253,6
2026-10,SEE CAO,AL→ME,AL,ME,Vitol Gas & Power B.V.,14X----0000009-1,,50.00,315,50,5.50,ALME-M-20261001-68253,SEE CAO participantsSold explicit EIC; participant MW not published,https://api.seecao.com/api/data?auctionIdentification=ALME-M-20261001-68253,6
2026-10,SEE CAO,AL→XK,AL,XK,"CEZ, a.s.",11XCEZ-CZ------1,,150.00,351,150,0.72,ALXK-M-20261001-68261,SEE CAO participantsSold explicit EIC; participant MW not published,https://api.seecao.com/api/data?auctionIdentification=ALXK-M-20261001-68261,8
2026-10,SEE CAO,AL→XK,AL,XK,DUFERCO HELLAS Α.Ε.,29X10001000100CN,,150.00,351,150,0.72,ALXK-M-20261001-68261,SEE CAO participantsSold explicit EIC; participant MW not published,https://api.seecao.com/api/data?auctionIdentification=ALXK-M-20261001-68261,8
2026-10,SEE CAO,AL→XK,AL,XK,Devoll Hydropower Sh.A.,23X--150409-DHP5,,150.00,351,150,0.72,ALXK-M-20261001-68261,SEE CAO participantsSold explicit EIC; participant MW not published,https://api.seecao.com/api/data?auctionIdentification=ALXK-M-20261001-68261,8
2026-10,SEE CAO,AL→XK,AL,XK,EDF TRADING Ltd,11XEDFTRADING--G,,150.00,351,150,0.72,ALXK-M-20261001-68261,SEE CAO participantsSold explicit EIC; participant MW not published,https://api.seecao.com/api/data?auctionIdentification=ALXK-M-20261001-68261,8
2026-10,SEE CAO,AL→XK,AL,XK,"GEN-I, trgovanje in prodaja elektricne energije, d.o.o.",11XIGET--------D,,150.00,351,150,0.72,ALXK-M-20261001-68261,SEE CAO participantsSold explicit EIC; participant MW not published,https://api.seecao.com/api/data?auctionIdentification=ALXK-M-20261001-68261,8
2026-10,SEE CAO,AL→XK,AL,XK,GSA,22XGSA---------N,,150.00,351,150,0.72,ALXK-M-20261001-68261,SEE CAO participantsSold explicit EIC; participant MW not published,https://api.seecao.com/api/data?auctionIdentification=ALXK-M-20261001-68261,8
2026-10,SEE CAO,AL→XK,AL,XK,Noa Energy Trade ltd,23X--150630-NE-6,,150.00,351,150,0.72,ALXK-M-20261001-68261,SEE CAO participantsSold explicit EIC; participant MW not published,https://api.seecao.com/api/data?auctionIdentification=ALXK-M-20261001-68261,8
2026-10,SEE CAO,AL→XK,AL,XK,ReNRGY Trading Group SH.P.K,54X-10IRN102618R,,150.00,351,150,0.72,ALXK-M-20261001-68261,SEE CAO participantsSold explicit EIC; participant MW not published,https://api.seecao.com/api/data?auctionIdentification=ALXK-M-20261001-68261,8
2026-10,SEE CAO,BA→HR,BA,HR,ALPIQ ENERGY SE,27XALPIQ-ENERGYS,,120.00,506,120,0.91,BAHR-M-20261001-68249,SEE CAO participantsSold explicit EIC; participant MW not published,https://api.seecao.com/api/data?auctionIdentification=BAHR-M-20261001-68249,8
2026-10,SEE CAO,BA→HR,BA,HR,"CEZ, a.s.",11XCEZ-CZ------1,,120.00,506,120,0.91,BAHR-M-20261001-68249,SEE CAO participantsSold explicit EIC; participant MW not published,https://api.seecao.com/api/data?auctionIdentification=BAHR-M-20261001-68249,8
2026-10,SEE CAO,BA→HR,BA,HR,Danske Commodities A/S,11XDANSKECOM---P,,120.00,506,120,0.91,BAHR-M-20261001-68249,SEE CAO participantsSold explicit EIC; participant MW not published,https://api.seecao.com/api/data?auctionIdentification=BAHR-M-20261001-68249,8
2026-10,SEE CAO,BA→HR,BA,HR,ELECTRADE S.P.A.,28XELECTRADE---R,,120.00,506,120,0.91,BAHR-M-20261001-68249,SEE CAO participantsSold explicit EIC; participant MW not published,https://api.seecao.com/api/data?auctionIdentification=BAHR-M-20261001-68249,8
2026-10,SEE CAO,BA→HR,BA,HR,EnSCo Energy Services Company AG,12X-0000001905-X,,120.00,506,120,0.91,BAHR-M-20261001-68249,SEE CAO participantsSold explicit EIC; participant MW not published,https://api.seecao.com/api/data?auctionIdentification=BAHR-M-20261001-68249,8
2026-10,SEE CAO,BA→HR,BA,HR,"GEN-I, trgovanje in prodaja elektricne energije, d.o.o.",11XIGET--------D,,120.00,506,120,0.91,BAHR-M-20261001-68249,SEE CAO participantsSold explicit EIC; participant MW not published,https://api.seecao.com/api/data?auctionIdentification=BAHR-M-20261001-68249,8
2026-10,SEE CAO,BA→HR,BA,HR,HOLDING SLOVENSKE ELEKTRARNE d.o.o.,11XHSE-SLOVENIAG,,120.00,506,120,0.91,BAHR-M-20261001-68249,SEE CAO participantsSold explicit EIC; participant MW not published,https://api.seecao.com/api/data?auctionIdentification=BAHR-M-20261001-68249,8
2026-10,SEE CAO,BA→HR,BA,HR,Kelag International Ljubljana d.o.o.,28X-INTERENERGO8,,120.00,506,120,0.91,BAHR-M-20261001-68249,SEE CAO participantsSold explicit EIC; participant MW not published,https://api.seecao.com/api/data?auctionIdentification=BAHR-M-20261001-68249,8
2026-10,SEE CAO,BA→ME,BA,ME,ALPIQ ENERGY SE,27XALPIQ-ENERGYS,,205.00,642,205,6.11,BAME-M-20261001-68251,SEE CAO participantsSold explicit EIC; participant MW not published,https://api.seecao.com/api/data?auctionIdentification=BAME-M-20261001-68251,18
2026-10,SEE CAO,BA→ME,BA,ME,AXPO doo Beograd,34XEGL-DOO-----6,,205.00,642,205,6.11,BAME-M-20261001-68251,SEE CAO participantsSold explicit EIC; participant MW not published,https://api.seecao.com/api/data?auctionIdentification=BAME-M-20261001-68251,18
2026-10,SEE CAO,BA→ME,BA,ME,Axpo Solutions AG,12XEGL-H-------0,,205.00,642,205,6.11,BAME-M-20261001-68251,SEE CAO participantsSold explicit EIC; participant MW not published,https://api.seecao.com/api/data?auctionIdentification=BAME-M-20261001-68251,18
2026-10,SEE CAO,BA→ME,BA,ME,"CEZ, a.s.",11XCEZ-CZ------1,,205.00,642,205,6.11,BAME-M-20261001-68251,SEE CAO participantsSold explicit EIC; participant MW not published,https://api.seecao.com/api/data?auctionIdentification=BAME-M-20261001-68251,18
2026-10,SEE CAO,BA→ME,BA,ME,Danske Commodities A/S,11XDANSKECOM---P,,205.00,642,205,6.11,BAME-M-20261001-68251,SEE CAO participantsSold explicit EIC; participant MW not published,https://api.seecao.com/api/data?auctionIdentification=BAME-M-20261001-68251,18
2026-10,SEE CAO,BA→ME,BA,ME,ELECTRADE S.P.A.,28XELECTRADE---R,,205.00,642,205,6.11,BAME-M-20261001-68251,SEE CAO participantsSold explicit EIC; participant MW not published,https://api.seecao.com/api/data?auctionIdentification=BAME-M-20261001-68251,18
2026-10,SEE CAO,BA→ME,BA,ME,ENERWAVE SOCIETE ANONYME,29XTHESSALPOWERA,,205.00,642,205,6.11,BAME-M-20261001-68251,SEE CAO participantsSold explicit EIC; participant MW not published,https://api.seecao.com/api/data?auctionIdentification=BAME-M-20261001-68251,18
2026-10,SEE CAO,BA→ME,BA,ME,Elektroprivreda Crne Gore AD Nikšić,35XEPCGTRADING-8,,205.00,642,205,6.11,BAME-M-20261001-68251,SEE CAO participantsSold explicit EIC; participant MW not published,https://api.seecao.com/api/data?auctionIdentification=BAME-M-20261001-68251,18
2026-10,SEE CAO,BA→ME,BA,ME,Elektroprivreda Republike Srpske,36XEP-RSRPSKE--S,,205.00,642,205,6.11,BAME-M-20261001-68251,SEE CAO participantsSold explicit EIC; participant MW not published,https://api.seecao.com/api/data?auctionIdentification=BAME-M-20261001-68251,18
2026-10,SEE CAO,BA→ME,BA,ME,Energy Financing Team (Switzerland) AG,12XEFT-SWITZERLR,,205.00,642,205,6.11,BAME-M-20261001-68251,SEE CAO participantsSold explicit EIC; participant MW not published,https://api.seecao.com/api/data?auctionIdentification=BAME-M-20261001-68251,18
2026-10,SEE CAO,BA→ME,BA,ME,"GEN-I, trgovanje in prodaja elektricne energije, d.o.o.",11XIGET--------D,,205.00,642,205,6.11,BAME-M-20261001-68251,SEE CAO participantsSold explicit EIC; participant MW not published,https://api.seecao.com/api/data?auctionIdentification=BAME-M-20261001-68251,18
2026-10,SEE CAO,BA→ME,BA,ME,"Gunvor International B.V., Amsterdam, succursale de Genève",12X-0000001807-W,,205.00,642,205,6.11,BAME-M-20261001-68251,SEE CAO participantsSold explicit EIC; participant MW not published,https://api.seecao.com/api/data?auctionIdentification=BAME-M-20261001-68251,18
2026-10,SEE CAO,BA→ME,BA,ME,HOLDING SLOVENSKE ELEKTRARNE d.o.o.,11XHSE-SLOVENIAG,,205.00,642,205,6.11,BAME-M-20261001-68251,SEE CAO participantsSold explicit EIC; participant MW not published,https://api.seecao.com/api/data?auctionIdentification=BAME-M-20261001-68251,18
2026-10,SEE CAO,BA→ME,BA,ME,MOTOR OIL RENEWABLE ENERGY SINGLE MEMBER S.A.,29XSOUSAKIPOWERE,,205.00,642,205,6.11,BAME-M-20261001-68251,SEE CAO participantsSold explicit EIC; participant MW not published,https://api.seecao.com/api/data?auctionIdentification=BAME-M-20261001-68251,18
2026-10,SEE CAO,BA→ME,BA,ME,ReNRGY Trading Group SH.P.K,54X-10IRN102618R,,205.00,642,205,6.11,BAME-M-20261001-68251,SEE CAO participantsSold explicit EIC; participant MW not published,https://api.seecao.com/api/data?auctionIdentification=BAME-M-20261001-68251,18
2026-10,SEE CAO,BA→ME,BA,ME,Statkraft Markets GmbH,11XSTATKRAFT001N,,205.00,642,205,6.11,BAME-M-20261001-68251,SEE CAO participantsSold explicit EIC; participant MW not published,https://api.seecao.com/api/data?auctionIdentification=BAME-M-20261001-68251,18
2026-10,SEE CAO,BA→ME,BA,ME,Terna Energy Trading DOOEL,33X-TETRA-SKOP-M,,205.00,642,205,6.11,BAME-M-20261001-68251,SEE CAO participantsSold explicit EIC; participant MW not published,https://api.seecao.com/api/data?auctionIdentification=BAME-M-20261001-68251,18
2026-10,SEE CAO,BA→ME,BA,ME,Vitol Gas & Power B.V.,14X----0000009-1,,205.00,642,205,6.11,BAME-M-20261001-68251,SEE CAO participantsSold explicit EIC; participant MW not published,https://api.seecao.com/api/data?auctionIdentification=BAME-M-20261001-68251,18
2026-10,SEE CAO,GR→AL,GR,AL,ENERGOVIA EOOD,32X001100101073T,,100.00,774,100,14.87,GRAL-M-20261001-68256,SEE CAO participantsSold explicit EIC; participant MW not published,https://api.seecao.com/api/data?auctionIdentification=GRAL-M-20261001-68256,11
2026-10,SEE CAO,GR→AL,GR,AL,EnSCo Energy Services Company AG,12X-0000001905-X,,100.00,774,100,14.87,GRAL-M-20261001-68256,SEE CAO participantsSold explicit EIC; participant MW not published,https://api.seecao.com/api/data?auctionIdentification=GRAL-M-20261001-68256,11
2026-10,SEE CAO,GR→AL,GR,AL,FUTURE ENERGY TRADING SHPK,23X--160809-FE-G,,100.00,774,100,14.87,GRAL-M-20261001-68256,SEE CAO participantsSold explicit EIC; participant MW not published,https://api.seecao.com/api/data?auctionIdentification=GRAL-M-20261001-68256,11
2026-10,SEE CAO,GR→AL,GR,AL,"GEN-I, trgovanje in prodaja elektricne energije, d.o.o.",11XIGET--------D,,100.00,774,100,14.87,GRAL-M-20261001-68256,SEE CAO participantsSold explicit EIC; participant MW not published,https://api.seecao.com/api/data?auctionIdentification=GRAL-M-20261001-68256,11
2026-10,SEE CAO,GR→AL,GR,AL,GSA,22XGSA---------N,,100.00,774,100,14.87,GRAL-M-20261001-68256,SEE CAO participantsSold explicit EIC; participant MW not published,https://api.seecao.com/api/data?auctionIdentification=GRAL-M-20261001-68256,11
2026-10,SEE CAO,GR→AL,GR,AL,HOLDING SLOVENSKE ELEKTRARNE d.o.o.,11XHSE-SLOVENIAG,,100.00,774,100,14.87,GRAL-M-20261001-68256,SEE CAO participantsSold explicit EIC; participant MW not published,https://api.seecao.com/api/data?auctionIdentification=GRAL-M-20261001-68256,11
2026-10,SEE CAO,GR→AL,GR,AL,Kosovo Electricity Supply Company-KESco,23X--140603-KED3,,100.00,774,100,14.87,GRAL-M-20261001-68256,SEE CAO participantsSold explicit EIC; participant MW not published,https://api.seecao.com/api/data?auctionIdentification=GRAL-M-20261001-68256,11
2026-10,SEE CAO,GR→AL,GR,AL,Mind Energy A/S,11XDISAM-------V,,100.00,774,100,14.87,GRAL-M-20261001-68256,SEE CAO participantsSold explicit EIC; participant MW not published,https://api.seecao.com/api/data?auctionIdentification=GRAL-M-20261001-68256,11
2026-10,SEE CAO,GR→AL,GR,AL,ReNRGY Trading Group SH.P.K,54X-10IRN102618R,,100.00,774,100,14.87,GRAL-M-20261001-68256,SEE CAO participantsSold explicit EIC; participant MW not published,https://api.seecao.com/api/data?auctionIdentification=GRAL-M-20261001-68256,11
2026-10,SEE CAO,GR→AL,GR,AL,Statkraft Markets GmbH,11XSTATKRAFT001N,,100.00,774,100,14.87,GRAL-M-20261001-68256,SEE CAO participantsSold explicit EIC; participant MW not published,https://api.seecao.com/api/data?auctionIdentification=GRAL-M-20261001-68256,11
2026-10,SEE CAO,GR→AL,GR,AL,Terna Energy Trading DOOEL,33X-TETRA-SKOP-M,,100.00,774,100,14.87,GRAL-M-20261001-68256,SEE CAO participantsSold explicit EIC; participant MW not published,https://api.seecao.com/api/data?auctionIdentification=GRAL-M-20261001-68256,11
2026-10,SEE CAO,GR→MK,GR,MK,Axpo Bulgaria EAD,32XEGL-BULGARIAC,,300.00,1192,300,6.75,GRMK-M-20261001-68257,SEE CAO participantsSold explicit EIC; participant MW not published,https://api.seecao.com/api/data?auctionIdentification=GRMK-M-20261001-68257,22
2026-10,SEE CAO,GR→MK,GR,MK,D. TRADING d.o.o.,31X-0153-T-000-R,,300.00,1192,300,6.75,GRMK-M-20261001-68257,SEE CAO participantsSold explicit EIC; participant MW not published,https://api.seecao.com/api/data?auctionIdentification=GRMK-M-20261001-68257,22
2026-10,SEE CAO,GR→MK,GR,MK,DUFERCO MK DOO Skopje,33XSOLARISTRADEG,,300.00,1192,300,6.75,GRMK-M-20261001-68257,SEE CAO participantsSold explicit EIC; participant MW not published,https://api.seecao.com/api/data?auctionIdentification=GRMK-M-20261001-68257,22
2026-10,SEE CAO,GR→MK,GR,MK,Danske Commodities A/S,11XDANSKECOM---P,,300.00,1192,300,6.75,GRMK-M-20261001-68257,SEE CAO participantsSold explicit EIC; participant MW not published,https://api.seecao.com/api/data?auctionIdentification=GRMK-M-20261001-68257,22
2026-10,SEE CAO,GR→MK,GR,MK,ENERWAVE SOCIETE ANONYME,29XTHESSALPOWERA,,300.00,1192,300,6.75,GRMK-M-20261001-68257,SEE CAO participantsSold explicit EIC; participant MW not published,https://api.seecao.com/api/data?auctionIdentification=GRMK-M-20261001-68257,22
2026-10,SEE CAO,GR→MK,GR,MK,EVN Trading South East Europe EAD,32X-EVN-TSEE---K,,300.00,1192,300,6.75,GRMK-M-20261001-68257,SEE CAO participantsSold explicit EIC; participant MW not published,https://api.seecao.com/api/data?auctionIdentification=GRMK-M-20261001-68257,22
2026-10,SEE CAO,GR→MK,GR,MK,EnSCo Energy Services Company AG,12X-0000001905-X,,300.00,1192,300,6.75,GRMK-M-20261001-68257,SEE CAO participantsSold explicit EIC; participant MW not published,https://api.seecao.com/api/data?auctionIdentification=GRMK-M-20261001-68257,22
2026-10,SEE CAO,GR→MK,GR,MK,Energy Financing Team (Switzerland) AG,12XEFT-SWITZERLR,,300.00,1192,300,6.75,GRMK-M-20261001-68257,SEE CAO participantsSold explicit EIC; participant MW not published,https://api.seecao.com/api/data?auctionIdentification=GRMK-M-20261001-68257,22
2026-10,SEE CAO,GR→MK,GR,MK,"GEN-I, trgovanje in prodaja elektricne energije, d.o.o.",11XIGET--------D,,300.00,1192,300,6.75,GRMK-M-20261001-68257,SEE CAO participantsSold explicit EIC; participant MW not published,https://api.seecao.com/api/data?auctionIdentification=GRMK-M-20261001-68257,22
2026-10,SEE CAO,GR→MK,GR,MK,GREENCORE TRADE LLC import-export Gevgelija,33XGREENCORE-78T,,300.00,1192,300,6.75,GRMK-M-20261001-68257,SEE CAO participantsSold explicit EIC; participant MW not published,https://api.seecao.com/api/data?auctionIdentification=GRMK-M-20261001-68257,22
2026-10,SEE CAO,GR→MK,GR,MK,"Gunvor International B.V., Amsterdam, succursale de Genève",12X-0000001807-W,,300.00,1192,300,6.75,GRMK-M-20261001-68257,SEE CAO participantsSold explicit EIC; participant MW not published,https://api.seecao.com/api/data?auctionIdentification=GRMK-M-20261001-68257,22
2026-10,SEE CAO,GR→MK,GR,MK,HOLDING SLOVENSKE ELEKTRARNE d.o.o.,11XHSE-SLOVENIAG,,300.00,1192,300,6.75,GRMK-M-20261001-68257,SEE CAO participantsSold explicit EIC; participant MW not published,https://api.seecao.com/api/data?auctionIdentification=GRMK-M-20261001-68257,22
2026-10,SEE CAO,GR→MK,GR,MK,Kosovo Electricity Supply Company-KESco,23X--140603-KED3,,300.00,1192,300,6.75,GRMK-M-20261001-68257,SEE CAO participantsSold explicit EIC; participant MW not published,https://api.seecao.com/api/data?auctionIdentification=GRMK-M-20261001-68257,22
2026-10,SEE CAO,GR→MK,GR,MK,MFT Energy A/S,23X--161129-ME-L,,300.00,1192,300,6.75,GRMK-M-20261001-68257,SEE CAO participantsSold explicit EIC; participant MW not published,https://api.seecao.com/api/data?auctionIdentification=GRMK-M-20261001-68257,22
2026-10,SEE CAO,GR→MK,GR,MK,MOTOR OIL RENEWABLE ENERGY SINGLE MEMBER S.A.,29XSOUSAKIPOWERE,,300.00,1192,300,6.75,GRMK-M-20261001-68257,SEE CAO participantsSold explicit EIC; participant MW not published,https://api.seecao.com/api/data?auctionIdentification=GRMK-M-20261001-68257,22
2026-10,SEE CAO,GR→MK,GR,MK,Mind Energy A/S,11XDISAM-------V,,300.00,1192,300,6.75,GRMK-M-20261001-68257,SEE CAO participantsSold explicit EIC; participant MW not published,https://api.seecao.com/api/data?auctionIdentification=GRMK-M-20261001-68257,22
2026-10,SEE CAO,GR→MK,GR,MK,PUBLIC POWER CORPORATION S.A.,11XPPCDDE9-----D,,300.00,1192,300,6.75,GRMK-M-20261001-68257,SEE CAO participantsSold explicit EIC; participant MW not published,https://api.seecao.com/api/data?auctionIdentification=GRMK-M-20261001-68257,22
2026-10,SEE CAO,GR→MK,GR,MK,RENEWABLE ENERGY SUPPLY RES DOO Skopje,33XSOLARPRODLSK3,,300.00,1192,300,6.75,GRMK-M-20261001-68257,SEE CAO participantsSold explicit EIC; participant MW not published,https://api.seecao.com/api/data?auctionIdentification=GRMK-M-20261001-68257,22
2026-10,SEE CAO,GR→MK,GR,MK,ReNRGY Trading Group SH.P.K,54X-10IRN102618R,,300.00,1192,300,6.75,GRMK-M-20261001-68257,SEE CAO participantsSold explicit EIC; participant MW not published,https://api.seecao.com/api/data?auctionIdentification=GRMK-M-20261001-68257,22
2026-10,SEE CAO,GR→MK,GR,MK,Statkraft Markets GmbH,11XSTATKRAFT001N,,300.00,1192,300,6.75,GRMK-M-20261001-68257,SEE CAO participantsSold explicit EIC; participant MW not published,https://api.seecao.com/api/data?auctionIdentification=GRMK-M-20261001-68257,22
2026-10,SEE CAO,GR→MK,GR,MK,Terna Energy Trading DOOEL,33X-TETRA-SKOP-M,,300.00,1192,300,6.75,GRMK-M-20261001-68257,SEE CAO participantsSold explicit EIC; participant MW not published,https://api.seecao.com/api/data?auctionIdentification=GRMK-M-20261001-68257,22
2026-10,SEE CAO,GR→MK,GR,MK,Vitol Gas & Power B.V.,14X----0000009-1,,300.00,1192,300,6.75,GRMK-M-20261001-68257,SEE CAO participantsSold explicit EIC; participant MW not published,https://api.seecao.com/api/data?auctionIdentification=GRMK-M-20261001-68257,22
2026-10,SEE CAO,GR→TR,GR,TR,"CEZ, a.s.",11XCEZ-CZ------1,,116.00,545,116,0.75,GRTR-M-20261001-68259,SEE CAO participantsSold explicit EIC; participant MW not published,https://api.seecao.com/api/data?auctionIdentification=GRTR-M-20261001-68259,14
2026-10,SEE CAO,GR→TR,GR,TR,ELECTRADE S.P.A.,28XELECTRADE---R,,116.00,545,116,0.75,GRTR-M-20261001-68259,SEE CAO participantsSold explicit EIC; participant MW not published,https://api.seecao.com/api/data?auctionIdentification=GRTR-M-20261001-68259,14
2026-10,SEE CAO,GR→TR,GR,TR,EnSCo Energy Services Company AG,12X-0000001905-X,,116.00,545,116,0.75,GRTR-M-20261001-68259,SEE CAO participantsSold explicit EIC; participant MW not published,https://api.seecao.com/api/data?auctionIdentification=GRTR-M-20261001-68259,14
2026-10,SEE CAO,GR→TR,GR,TR,"GEN-I, trgovanje in prodaja elektricne energije, d.o.o.",11XIGET--------D,,116.00,545,116,0.75,GRTR-M-20261001-68259,SEE CAO participantsSold explicit EIC; participant MW not published,https://api.seecao.com/api/data?auctionIdentification=GRTR-M-20261001-68259,14
2026-10,SEE CAO,GR→TR,GR,TR,GSA,22XGSA---------N,,116.00,545,116,0.75,GRTR-M-20261001-68259,SEE CAO participantsSold explicit EIC; participant MW not published,https://api.seecao.com/api/data?auctionIdentification=GRTR-M-20261001-68259,14
2026-10,SEE CAO,GR→TR,GR,TR,"Gunvor International B.V., Amsterdam, succursale de Genève",12X-0000001807-W,,116.00,545,116,0.75,GRTR-M-20261001-68259,SEE CAO participantsSold explicit EIC; participant MW not published,https://api.seecao.com/api/data?auctionIdentification=GRTR-M-20261001-68259,14
2026-10,SEE CAO,GR→TR,GR,TR,HERON SOCIETE ANONYME ENERGY SERVICES,29XHERONTHERMELC,,116.00,545,116,0.75,GRTR-M-20261001-68259,SEE CAO participantsSold explicit EIC; participant MW not published,https://api.seecao.com/api/data?auctionIdentification=GRTR-M-20261001-68259,14
2026-10,SEE CAO,GR→TR,GR,TR,MFT Energy A/S,23X--161129-ME-L,,116.00,545,116,0.75,GRTR-M-20261001-68259,SEE CAO participantsSold explicit EIC; participant MW not published,https://api.seecao.com/api/data?auctionIdentification=GRTR-M-20261001-68259,14
2026-10,SEE CAO,GR→TR,GR,TR,MOTOR OIL RENEWABLE ENERGY SINGLE MEMBER S.A.,29XSOUSAKIPOWERE,,116.00,545,116,0.75,GRTR-M-20261001-68259,SEE CAO participantsSold explicit EIC; participant MW not published,https://api.seecao.com/api/data?auctionIdentification=GRTR-M-20261001-68259,14
2026-10,SEE CAO,GR→TR,GR,TR,Mind Energy A/S,11XDISAM-------V,,116.00,545,116,0.75,GRTR-M-20261001-68259,SEE CAO participantsSold explicit EIC; participant MW not published,https://api.seecao.com/api/data?auctionIdentification=GRTR-M-20261001-68259,14
2026-10,SEE CAO,GR→TR,GR,TR,PUBLIC POWER CORPORATION S.A.,11XPPCDDE9-----D,,116.00,545,116,0.75,GRTR-M-20261001-68259,SEE CAO participantsSold explicit EIC; participant MW not published,https://api.seecao.com/api/data?auctionIdentification=GRTR-M-20261001-68259,14
2026-10,SEE CAO,GR→TR,GR,TR,REYTECH TRADING ΜΟΝΟΠΡΟΣΩΠΗ ΑΝΩΝΥΜΗ ΕΤΑΙΡΕΙΑ,29X1000100010123,,116.00,545,116,0.75,GRTR-M-20261001-68259,SEE CAO participantsSold explicit EIC; participant MW not published,https://api.seecao.com/api/data?auctionIdentification=GRTR-M-20261001-68259,14
2026-10,SEE CAO,GR→TR,GR,TR,Statkraft Markets GmbH,11XSTATKRAFT001N,,116.00,545,116,0.75,GRTR-M-20261001-68259,SEE CAO participantsSold explicit EIC; participant MW not published,https://api.seecao.com/api/data?auctionIdentification=GRTR-M-20261001-68259,14
2026-10,SEE CAO,GR→TR,GR,TR,Unresolved EIC,40X000000000283S,,116.00,545,116,0.75,GRTR-M-20261001-68259,SEE CAO participantsSold explicit EIC; participant MW not published,https://api.seecao.com/api/data?auctionIdentification=GRTR-M-20261001-68259,14
2026-10,SEE CAO,HR→BA,HR,BA,ALPIQ ENERGY SE,27XALPIQ-ENERGYS,,132.00,430,132,0.71,HRBA-M-20261001-68250,SEE CAO participantsSold explicit EIC; participant MW not published,https://api.seecao.com/api/data?auctionIdentification=HRBA-M-20261001-68250,9
2026-10,SEE CAO,HR→BA,HR,BA,"CEZ, a.s.",11XCEZ-CZ------1,,132.00,430,132,0.71,HRBA-M-20261001-68250,SEE CAO participantsSold explicit EIC; participant MW not published,https://api.seecao.com/api/data?auctionIdentification=HRBA-M-20261001-68250,9
2026-10,SEE CAO,HR→BA,HR,BA,D. TRADING d.o.o.,31X-0153-T-000-R,,132.00,430,132,0.71,HRBA-M-20261001-68250,SEE CAO participantsSold explicit EIC; participant MW not published,https://api.seecao.com/api/data?auctionIdentification=HRBA-M-20261001-68250,9
2026-10,SEE CAO,HR→BA,HR,BA,Danske Commodities A/S,11XDANSKECOM---P,,132.00,430,132,0.71,HRBA-M-20261001-68250,SEE CAO participantsSold explicit EIC; participant MW not published,https://api.seecao.com/api/data?auctionIdentification=HRBA-M-20261001-68250,9
2026-10,SEE CAO,HR→BA,HR,BA,ELECTRADE S.P.A.,28XELECTRADE---R,,132.00,430,132,0.71,HRBA-M-20261001-68250,SEE CAO participantsSold explicit EIC; participant MW not published,https://api.seecao.com/api/data?auctionIdentification=HRBA-M-20261001-68250,9
2026-10,SEE CAO,HR→BA,HR,BA,"GEN-I, trgovanje in prodaja elektricne energije, d.o.o.",11XIGET--------D,,132.00,430,132,0.71,HRBA-M-20261001-68250,SEE CAO participantsSold explicit EIC; participant MW not published,https://api.seecao.com/api/data?auctionIdentification=HRBA-M-20261001-68250,9
2026-10,SEE CAO,HR→BA,HR,BA,"Gunvor International B.V., Amsterdam, succursale de Genève",12X-0000001807-W,,132.00,430,132,0.71,HRBA-M-20261001-68250,SEE CAO participantsSold explicit EIC; participant MW not published,https://api.seecao.com/api/data?auctionIdentification=HRBA-M-20261001-68250,9
2026-10,SEE CAO,HR→BA,HR,BA,HOLDING SLOVENSKE ELEKTRARNE d.o.o.,11XHSE-SLOVENIAG,,132.00,430,132,0.71,HRBA-M-20261001-68250,SEE CAO participantsSold explicit EIC; participant MW not published,https://api.seecao.com/api/data?auctionIdentification=HRBA-M-20261001-68250,9
2026-10,SEE CAO,HR→BA,HR,BA,Kelag International Ljubljana d.o.o.,28X-INTERENERGO8,,132.00,430,132,0.71,HRBA-M-20261001-68250,SEE CAO participantsSold explicit EIC; participant MW not published,https://api.seecao.com/api/data?auctionIdentification=HRBA-M-20261001-68250,9
2026-10,SEE CAO,ME→AL,ME,AL,Alb Energy Trade,54X-I01-AE-10-TZ,,51.00,369,51,2.55,MEAL-M-20261001-68254,SEE CAO participantsSold explicit EIC; participant MW not published,https://api.seecao.com/api/data?auctionIdentification=MEAL-M-20261001-68254,7
2026-10,SEE CAO,ME→AL,ME,AL,Danske Commodities A/S,11XDANSKECOM---P,,51.00,369,51,2.55,MEAL-M-20261001-68254,SEE CAO participantsSold explicit EIC; participant MW not published,https://api.seecao.com/api/data?auctionIdentification=MEAL-M-20261001-68254,7
2026-10,SEE CAO,ME→AL,ME,AL,ELECTRADE S.P.A.,28XELECTRADE---R,,51.00,369,51,2.55,MEAL-M-20261001-68254,SEE CAO participantsSold explicit EIC; participant MW not published,https://api.seecao.com/api/data?auctionIdentification=MEAL-M-20261001-68254,7
2026-10,SEE CAO,ME→AL,ME,AL,ENERWAVE SOCIETE ANONYME,29XTHESSALPOWERA,,51.00,369,51,2.55,MEAL-M-20261001-68254,SEE CAO participantsSold explicit EIC; participant MW not published,https://api.seecao.com/api/data?auctionIdentification=MEAL-M-20261001-68254,7
2026-10,SEE CAO,ME→AL,ME,AL,PROTERGIA ENERGY ALBANIA sh.p.k,54X-100-1001-PRA,,51.00,369,51,2.55,MEAL-M-20261001-68254,SEE CAO participantsSold explicit EIC; participant MW not published,https://api.seecao.com/api/data?auctionIdentification=MEAL-M-20261001-68254,7
2026-10,SEE CAO,ME→AL,ME,AL,PUBLIC POWER CORPORATION S.A.,11XPPCDDE9-----D,,51.00,369,51,2.55,MEAL-M-20261001-68254,SEE CAO participantsSold explicit EIC; participant MW not published,https://api.seecao.com/api/data?auctionIdentification=MEAL-M-20261001-68254,7
2026-10,SEE CAO,ME→AL,ME,AL,Terna Energy Trading DOOEL,33X-TETRA-SKOP-M,,51.00,369,51,2.55,MEAL-M-20261001-68254,SEE CAO participantsSold explicit EIC; participant MW not published,https://api.seecao.com/api/data?auctionIdentification=MEAL-M-20261001-68254,7
2026-10,SEE CAO,ME→BA,ME,BA,ALPIQ ENERGY SE,27XALPIQ-ENERGYS,,200.00,441,199,0.56,MEBA-M-20261001-68252,SEE CAO participantsSold explicit EIC; participant MW not published,https://api.seecao.com/api/data?auctionIdentification=MEBA-M-20261001-68252,12
2026-10,SEE CAO,ME→BA,ME,BA,"CEZ, a.s.",11XCEZ-CZ------1,,200.00,441,199,0.56,MEBA-M-20261001-68252,SEE CAO participantsSold explicit EIC; participant MW not published,https://api.seecao.com/api/data?auctionIdentification=MEBA-M-20261001-68252,12
2026-10,SEE CAO,ME→BA,ME,BA,Danske Commodities A/S,11XDANSKECOM---P,,200.00,441,199,0.56,MEBA-M-20261001-68252,SEE CAO participantsSold explicit EIC; participant MW not published,https://api.seecao.com/api/data?auctionIdentification=MEBA-M-20261001-68252,12
2026-10,SEE CAO,ME→BA,ME,BA,ELECTRADE S.P.A.,28XELECTRADE---R,,200.00,441,199,0.56,MEBA-M-20261001-68252,SEE CAO participantsSold explicit EIC; participant MW not published,https://api.seecao.com/api/data?auctionIdentification=MEBA-M-20261001-68252,12
2026-10,SEE CAO,ME→BA,ME,BA,Elektroprivreda Crne Gore AD Nikšić,35XEPCGTRADING-8,,200.00,441,199,0.56,MEBA-M-20261001-68252,SEE CAO participantsSold explicit EIC; participant MW not published,https://api.seecao.com/api/data?auctionIdentification=MEBA-M-20261001-68252,12
2026-10,SEE CAO,ME→BA,ME,BA,EnSCo Energy Services Company AG,12X-0000001905-X,,200.00,441,199,0.56,MEBA-M-20261001-68252,SEE CAO participantsSold explicit EIC; participant MW not published,https://api.seecao.com/api/data?auctionIdentification=MEBA-M-20261001-68252,12
2026-10,SEE CAO,ME→BA,ME,BA,"GEN-I, trgovanje in prodaja elektricne energije, d.o.o.",11XIGET--------D,,200.00,441,199,0.56,MEBA-M-20261001-68252,SEE CAO participantsSold explicit EIC; participant MW not published,https://api.seecao.com/api/data?auctionIdentification=MEBA-M-20261001-68252,12
2026-10,SEE CAO,ME→BA,ME,BA,HIFA-OIL d.o.o. Tesanj,36XHIFAOILTESANG,,200.00,441,199,0.56,MEBA-M-20261001-68252,SEE CAO participantsSold explicit EIC; participant MW not published,https://api.seecao.com/api/data?auctionIdentification=MEBA-M-20261001-68252,12
2026-10,SEE CAO,ME→BA,ME,BA,HOLDING SLOVENSKE ELEKTRARNE d.o.o.,11XHSE-SLOVENIAG,,200.00,441,199,0.56,MEBA-M-20261001-68252,SEE CAO participantsSold explicit EIC; participant MW not published,https://api.seecao.com/api/data?auctionIdentification=MEBA-M-20261001-68252,12
2026-10,SEE CAO,ME→BA,ME,BA,Kelag International Ljubljana d.o.o.,28X-INTERENERGO8,,200.00,441,199,0.56,MEBA-M-20261001-68252,SEE CAO participantsSold explicit EIC; participant MW not published,https://api.seecao.com/api/data?auctionIdentification=MEBA-M-20261001-68252,12
2026-10,SEE CAO,ME→BA,ME,BA,Statkraft Markets GmbH,11XSTATKRAFT001N,,200.00,441,199,0.56,MEBA-M-20261001-68252,SEE CAO participantsSold explicit EIC; participant MW not published,https://api.seecao.com/api/data?auctionIdentification=MEBA-M-20261001-68252,12
2026-10,SEE CAO,ME→BA,ME,BA,Terna Energy Trading DOOEL,33X-TETRA-SKOP-M,,200.00,441,199,0.56,MEBA-M-20261001-68252,SEE CAO participantsSold explicit EIC; participant MW not published,https://api.seecao.com/api/data?auctionIdentification=MEBA-M-20261001-68252,12
2026-10,SEE CAO,ME→XK,ME,XK,"Akcionarsko društvo Elektroprivreda Srbije, Beograd",34XEPS--TRADE--N,,100.00,496,100,1.27,MEXK-M-20261001-68264,SEE CAO participantsSold explicit EIC; participant MW not published,https://api.seecao.com/api/data?auctionIdentification=MEXK-M-20261001-68264,7
2026-10,SEE CAO,ME→XK,ME,XK,"CEZ, a.s.",11XCEZ-CZ------1,,100.00,496,100,1.27,MEXK-M-20261001-68264,SEE CAO participantsSold explicit EIC; participant MW not published,https://api.seecao.com/api/data?auctionIdentification=MEXK-M-20261001-68264,7
2026-10,SEE CAO,ME→XK,ME,XK,Danske Commodities Kosovo SH.P.K.,23X--201125-DC-P,,100.00,496,100,1.27,MEXK-M-20261001-68264,SEE CAO participantsSold explicit EIC; participant MW not published,https://api.seecao.com/api/data?auctionIdentification=MEXK-M-20261001-68264,7
2026-10,SEE CAO,ME→XK,ME,XK,Energy Financing Team (Switzerland) AG,12XEFT-SWITZERLR,,100.00,496,100,1.27,MEXK-M-20261001-68264,SEE CAO participantsSold explicit EIC; participant MW not published,https://api.seecao.com/api/data?auctionIdentification=MEXK-M-20261001-68264,7
2026-10,SEE CAO,ME→XK,ME,XK,GSA,22XGSA---------N,,100.00,496,100,1.27,MEXK-M-20261001-68264,SEE CAO participantsSold explicit EIC; participant MW not published,https://api.seecao.com/api/data?auctionIdentification=MEXK-M-20261001-68264,7
2026-10,SEE CAO,ME→XK,ME,XK,Kelag International Ljubljana d.o.o.,28X-INTERENERGO8,,100.00,496,100,1.27,MEXK-M-20261001-68264,SEE CAO participantsSold explicit EIC; participant MW not published,https://api.seecao.com/api/data?auctionIdentification=MEXK-M-20261001-68264,7
2026-10,SEE CAO,ME→XK,ME,XK,PROTERGIA ENERGY ALBANIA sh.p.k,54X-100-1001-PRA,,100.00,496,100,1.27,MEXK-M-20261001-68264,SEE CAO participantsSold explicit EIC; participant MW not published,https://api.seecao.com/api/data?auctionIdentification=MEXK-M-20261001-68264,7
2026-10,SEE CAO,MK→GR,MK,GR,"CEZ, a.s.",11XCEZ-CZ------1,,350.00,543,349,0.03,MKGR-M-20261001-68258,SEE CAO participantsSold explicit EIC; participant MW not published,https://api.seecao.com/api/data?auctionIdentification=MKGR-M-20261001-68258,17
2026-10,SEE CAO,MK→GR,MK,GR,EDF TRADING Ltd,11XEDFTRADING--G,,350.00,543,349,0.03,MKGR-M-20261001-68258,SEE CAO participantsSold explicit EIC; participant MW not published,https://api.seecao.com/api/data?auctionIdentification=MKGR-M-20261001-68258,17
2026-10,SEE CAO,MK→GR,MK,GR,ELECTRADE S.P.A.,28XELECTRADE---R,,350.00,543,349,0.03,MKGR-M-20261001-68258,SEE CAO participantsSold explicit EIC; participant MW not published,https://api.seecao.com/api/data?auctionIdentification=MKGR-M-20261001-68258,17
2026-10,SEE CAO,MK→GR,MK,GR,"GEN-I, trgovanje in prodaja elektricne energije, d.o.o.",11XIGET--------D,,350.00,543,349,0.03,MKGR-M-20261001-68258,SEE CAO participantsSold explicit EIC; participant MW not published,https://api.seecao.com/api/data?auctionIdentification=MKGR-M-20261001-68258,17
2026-10,SEE CAO,MK→GR,MK,GR,GREENCORE TRADE LLC import-export Gevgelija,33XGREENCORE-78T,,350.00,543,349,0.03,MKGR-M-20261001-68258,SEE CAO participantsSold explicit EIC; participant MW not published,https://api.seecao.com/api/data?auctionIdentification=MKGR-M-20261001-68258,17
2026-10,SEE CAO,MK→GR,MK,GR,GSA,22XGSA---------N,,350.00,543,349,0.03,MKGR-M-20261001-68258,SEE CAO participantsSold explicit EIC; participant MW not published,https://api.seecao.com/api/data?auctionIdentification=MKGR-M-20261001-68258,17
2026-10,SEE CAO,MK→GR,MK,GR,"Gunvor International B.V., Amsterdam, succursale de Genève",12X-0000001807-W,,350.00,543,349,0.03,MKGR-M-20261001-68258,SEE CAO participantsSold explicit EIC; participant MW not published,https://api.seecao.com/api/data?auctionIdentification=MKGR-M-20261001-68258,17
2026-10,SEE CAO,MK→GR,MK,GR,HERON SOCIETE ANONYME ENERGY SERVICES,29XHERONTHERMELC,,350.00,543,349,0.03,MKGR-M-20261001-68258,SEE CAO participantsSold explicit EIC; participant MW not published,https://api.seecao.com/api/data?auctionIdentification=MKGR-M-20261001-68258,17
2026-10,SEE CAO,MK→GR,MK,GR,Kelag International Ljubljana d.o.o.,28X-INTERENERGO8,,350.00,543,349,0.03,MKGR-M-20261001-68258,SEE CAO participantsSold explicit EIC; participant MW not published,https://api.seecao.com/api/data?auctionIdentification=MKGR-M-20261001-68258,17
2026-10,SEE CAO,MK→GR,MK,GR,MET Austria Energy Trade GmbH,14X----0000017-3,,350.00,543,349,0.03,MKGR-M-20261001-68258,SEE CAO participantsSold explicit EIC; participant MW not published,https://api.seecao.com/api/data?auctionIdentification=MKGR-M-20261001-68258,17
2026-10,SEE CAO,MK→GR,MK,GR,MFT Energy A/S,23X--161129-ME-L,,350.00,543,349,0.03,MKGR-M-20261001-68258,SEE CAO participantsSold explicit EIC; participant MW not published,https://api.seecao.com/api/data?auctionIdentification=MKGR-M-20261001-68258,17
2026-10,SEE CAO,MK→GR,MK,GR,MOTOR OIL RENEWABLE ENERGY SINGLE MEMBER S.A.,29XSOUSAKIPOWERE,,350.00,543,349,0.03,MKGR-M-20261001-68258,SEE CAO participantsSold explicit EIC; participant MW not published,https://api.seecao.com/api/data?auctionIdentification=MKGR-M-20261001-68258,17
2026-10,SEE CAO,MK→GR,MK,GR,Mind Energy A/S,11XDISAM-------V,,350.00,543,349,0.03,MKGR-M-20261001-68258,SEE CAO participantsSold explicit EIC; participant MW not published,https://api.seecao.com/api/data?auctionIdentification=MKGR-M-20261001-68258,17
2026-10,SEE CAO,MK→GR,MK,GR,PUBLIC POWER CORPORATION S.A.,11XPPCDDE9-----D,,350.00,543,349,0.03,MKGR-M-20261001-68258,SEE CAO participantsSold explicit EIC; participant MW not published,https://api.seecao.com/api/data?auctionIdentification=MKGR-M-20261001-68258,17
2026-10,SEE CAO,MK→GR,MK,GR,ReNRGY Trading Group SH.P.K,54X-10IRN102618R,,350.00,543,349,0.03,MKGR-M-20261001-68258,SEE CAO participantsSold explicit EIC; participant MW not published,https://api.seecao.com/api/data?auctionIdentification=MKGR-M-20261001-68258,17
2026-10,SEE CAO,MK→GR,MK,GR,Statkraft Markets GmbH,11XSTATKRAFT001N,,350.00,543,349,0.03,MKGR-M-20261001-68258,SEE CAO participantsSold explicit EIC; participant MW not published,https://api.seecao.com/api/data?auctionIdentification=MKGR-M-20261001-68258,17
2026-10,SEE CAO,MK→GR,MK,GR,Terna Energy Trading DOOEL,33X-TETRA-SKOP-M,,350.00,543,349,0.03,MKGR-M-20261001-68258,SEE CAO participantsSold explicit EIC; participant MW not published,https://api.seecao.com/api/data?auctionIdentification=MKGR-M-20261001-68258,17
2026-10,SEE CAO,MK→XK,MK,XK,BE Power SHPK,23X--250908--B-C,,200.00,589,200,6.50,MKXK-M-20261001-68266,SEE CAO participantsSold explicit EIC; participant MW not published,https://api.seecao.com/api/data?auctionIdentification=MKXK-M-20261001-68266,17
2026-10,SEE CAO,MK→XK,MK,XK,"CEZ, a.s.",11XCEZ-CZ------1,,200.00,589,200,6.50,MKXK-M-20261001-68266,SEE CAO participantsSold explicit EIC; participant MW not published,https://api.seecao.com/api/data?auctionIdentification=MKXK-M-20261001-68266,17
2026-10,SEE CAO,MK→XK,MK,XK,D. TRADING d.o.o.,31X-0153-T-000-R,,200.00,589,200,6.50,MKXK-M-20261001-68266,SEE CAO participantsSold explicit EIC; participant MW not published,https://api.seecao.com/api/data?auctionIdentification=MKXK-M-20261001-68266,17
2026-10,SEE CAO,MK→XK,MK,XK,DUFERCO MK DOO Skopje,33XSOLARISTRADEG,,200.00,589,200,6.50,MKXK-M-20261001-68266,SEE CAO participantsSold explicit EIC; participant MW not published,https://api.seecao.com/api/data?auctionIdentification=MKXK-M-20261001-68266,17
2026-10,SEE CAO,MK→XK,MK,XK,Danske Commodities Kosovo SH.P.K.,23X--201125-DC-P,,200.00,589,200,6.50,MKXK-M-20261001-68266,SEE CAO participantsSold explicit EIC; participant MW not published,https://api.seecao.com/api/data?auctionIdentification=MKXK-M-20261001-68266,17
2026-10,SEE CAO,MK→XK,MK,XK,ELECTRADE S.P.A.,28XELECTRADE---R,,200.00,589,200,6.50,MKXK-M-20261001-68266,SEE CAO participantsSold explicit EIC; participant MW not published,https://api.seecao.com/api/data?auctionIdentification=MKXK-M-20261001-68266,17
2026-10,SEE CAO,MK→XK,MK,XK,ENERWAVE SOCIETE ANONYME,29XTHESSALPOWERA,,200.00,589,200,6.50,MKXK-M-20261001-68266,SEE CAO participantsSold explicit EIC; participant MW not published,https://api.seecao.com/api/data?auctionIdentification=MKXK-M-20261001-68266,17
2026-10,SEE CAO,MK→XK,MK,XK,FUTURE ENERGY TRADING SHPK,23X--160809-FE-G,,200.00,589,200,6.50,MKXK-M-20261001-68266,SEE CAO participantsSold explicit EIC; participant MW not published,https://api.seecao.com/api/data?auctionIdentification=MKXK-M-20261001-68266,17
2026-10,SEE CAO,MK→XK,MK,XK,"GEN-I, trgovanje in prodaja elektricne energije, d.o.o.",11XIGET--------D,,200.00,589,200,6.50,MKXK-M-20261001-68266,SEE CAO participantsSold explicit EIC; participant MW not published,https://api.seecao.com/api/data?auctionIdentification=MKXK-M-20261001-68266,17
2026-10,SEE CAO,MK→XK,MK,XK,GSA,22XGSA---------N,,200.00,589,200,6.50,MKXK-M-20261001-68266,SEE CAO participantsSold explicit EIC; participant MW not published,https://api.seecao.com/api/data?auctionIdentification=MKXK-M-20261001-68266,17
2026-10,SEE CAO,MK→XK,MK,XK,HOLDING SLOVENSKE ELEKTRARNE d.o.o.,11XHSE-SLOVENIAG,,200.00,589,200,6.50,MKXK-M-20261001-68266,SEE CAO participantsSold explicit EIC; participant MW not published,https://api.seecao.com/api/data?auctionIdentification=MKXK-M-20261001-68266,17
2026-10,SEE CAO,MK→XK,MK,XK,Kosovo Electricity Supply Company-KESco,23X--140603-KED3,,200.00,589,200,6.50,MKXK-M-20261001-68266,SEE CAO participantsSold explicit EIC; participant MW not published,https://api.seecao.com/api/data?auctionIdentification=MKXK-M-20261001-68266,17
2026-10,SEE CAO,MK→XK,MK,XK,MCM COMMODITIES,23X--140911-MCM1,,200.00,589,200,6.50,MKXK-M-20261001-68266,SEE CAO participantsSold explicit EIC; participant MW not published,https://api.seecao.com/api/data?auctionIdentification=MKXK-M-20261001-68266,17
2026-10,SEE CAO,MK→XK,MK,XK,MFT Energy A/S,23X--161129-ME-L,,200.00,589,200,6.50,MKXK-M-20261001-68266,SEE CAO participantsSold explicit EIC; participant MW not published,https://api.seecao.com/api/data?auctionIdentification=MKXK-M-20261001-68266,17
2026-10,SEE CAO,MK→XK,MK,XK,PROTERGIA ENERGY DOOEL,33XPROTERGIASKPZ,,200.00,589,200,6.50,MKXK-M-20261001-68266,SEE CAO participantsSold explicit EIC; participant MW not published,https://api.seecao.com/api/data?auctionIdentification=MKXK-M-20261001-68266,17
2026-10,SEE CAO,MK→XK,MK,XK,ReNRGY Trading Group SH.P.K,54X-10IRN102618R,,200.00,589,200,6.50,MKXK-M-20261001-68266,SEE CAO participantsSold explicit EIC; participant MW not published,https://api.seecao.com/api/data?auctionIdentification=MKXK-M-20261001-68266,17
2026-10,SEE CAO,MK→XK,MK,XK,Terna Energy Trading DOOEL,33X-TETRA-SKOP-M,,200.00,589,200,6.50,MKXK-M-20261001-68266,SEE CAO participantsSold explicit EIC; participant MW not published,https://api.seecao.com/api/data?auctionIdentification=MKXK-M-20261001-68266,17
2026-10,SEE CAO,TR→GR,TR,GR,Akenerji Elektrik Enerjisi İthalat İhracat ve Toptan Ticaret A.Ş.,40X000000000374P,,100.00,535,100,62.45,TRGR-M-20261001-68260,SEE CAO participantsSold explicit EIC; participant MW not published,https://api.seecao.com/api/data?auctionIdentification=TRGR-M-20261001-68260,4
2026-10,SEE CAO,TR→GR,TR,GR,EnSCo Energy Services Company AG,12X-0000001905-X,,100.00,535,100,62.45,TRGR-M-20261001-68260,SEE CAO participantsSold explicit EIC; participant MW not published,https://api.seecao.com/api/data?auctionIdentification=TRGR-M-20261001-68260,4
2026-10,SEE CAO,TR→GR,TR,GR,Unresolved EIC,40X000000000283S,,100.00,535,100,62.45,TRGR-M-20261001-68260,SEE CAO participantsSold explicit EIC; participant MW not published,https://api.seecao.com/api/data?auctionIdentification=TRGR-M-20261001-68260,4
2026-10,SEE CAO,TR→GR,TR,GR,Vitol Gas & Power B.V.,14X----0000009-1,,100.00,535,100,62.45,TRGR-M-20261001-68260,SEE CAO participantsSold explicit EIC; participant MW not published,https://api.seecao.com/api/data?auctionIdentification=TRGR-M-20261001-68260,4
2026-10,SEE CAO,XK→AL,XK,AL,"CEZ, a.s.",11XCEZ-CZ------1,,150.00,372,150,0.58,XKAL-M-20261001-68262,SEE CAO participantsSold explicit EIC; participant MW not published,https://api.seecao.com/api/data?auctionIdentification=XKAL-M-20261001-68262,10
2026-10,SEE CAO,XK→AL,XK,AL,DUFERCO HELLAS Α.Ε.,29X10001000100CN,,150.00,372,150,0.58,XKAL-M-20261001-68262,SEE CAO participantsSold explicit EIC; participant MW not published,https://api.seecao.com/api/data?auctionIdentification=XKAL-M-20261001-68262,10
2026-10,SEE CAO,XK→AL,XK,AL,Danske Commodities Kosovo SH.P.K.,23X--201125-DC-P,,150.00,372,150,0.58,XKAL-M-20261001-68262,SEE CAO participantsSold explicit EIC; participant MW not published,https://api.seecao.com/api/data?auctionIdentification=XKAL-M-20261001-68262,10
2026-10,SEE CAO,XK→AL,XK,AL,EDF TRADING Ltd,11XEDFTRADING--G,,150.00,372,150,0.58,XKAL-M-20261001-68262,SEE CAO participantsSold explicit EIC; participant MW not published,https://api.seecao.com/api/data?auctionIdentification=XKAL-M-20261001-68262,10
2026-10,SEE CAO,XK→AL,XK,AL,ELECTRADE S.P.A.,28XELECTRADE---R,,150.00,372,150,0.58,XKAL-M-20261001-68262,SEE CAO participantsSold explicit EIC; participant MW not published,https://api.seecao.com/api/data?auctionIdentification=XKAL-M-20261001-68262,10
2026-10,SEE CAO,XK→AL,XK,AL,FUTURE ENERGY TRADING SHPK,23X--160809-FE-G,,150.00,372,150,0.58,XKAL-M-20261001-68262,SEE CAO participantsSold explicit EIC; participant MW not published,https://api.seecao.com/api/data?auctionIdentification=XKAL-M-20261001-68262,10
2026-10,SEE CAO,XK→AL,XK,AL,"GEN-I, trgovanje in prodaja elektricne energije, d.o.o.",11XIGET--------D,,150.00,372,150,0.58,XKAL-M-20261001-68262,SEE CAO participantsSold explicit EIC; participant MW not published,https://api.seecao.com/api/data?auctionIdentification=XKAL-M-20261001-68262,10
2026-10,SEE CAO,XK→AL,XK,AL,GSA,22XGSA---------N,,150.00,372,150,0.58,XKAL-M-20261001-68262,SEE CAO participantsSold explicit EIC; participant MW not published,https://api.seecao.com/api/data?auctionIdentification=XKAL-M-20261001-68262,10
2026-10,SEE CAO,XK→AL,XK,AL,PROTERGIA ENERGY ALBANIA sh.p.k,54X-100-1001-PRA,,150.00,372,150,0.58,XKAL-M-20261001-68262,SEE CAO participantsSold explicit EIC; participant MW not published,https://api.seecao.com/api/data?auctionIdentification=XKAL-M-20261001-68262,10
2026-10,SEE CAO,XK→AL,XK,AL,ReNRGY Trading Group SH.P.K,54X-10IRN102618R,,150.00,372,150,0.58,XKAL-M-20261001-68262,SEE CAO participantsSold explicit EIC; participant MW not published,https://api.seecao.com/api/data?auctionIdentification=XKAL-M-20261001-68262,10
2026-10,SEE CAO,XK→ME,XK,ME,"CEZ, a.s.",11XCEZ-CZ------1,,100.00,329,100,1.94,XKME-M-20261001-68263,SEE CAO participantsSold explicit EIC; participant MW not published,https://api.seecao.com/api/data?auctionIdentification=XKME-M-20261001-68263,13
2026-10,SEE CAO,XK→ME,XK,ME,DUFERCO HELLAS Α.Ε.,29X10001000100CN,,100.00,329,100,1.94,XKME-M-20261001-68263,SEE CAO participantsSold explicit EIC; participant MW not published,https://api.seecao.com/api/data?auctionIdentification=XKME-M-20261001-68263,13
2026-10,SEE CAO,XK→ME,XK,ME,Danske Commodities Kosovo SH.P.K.,23X--201125-DC-P,,100.00,329,100,1.94,XKME-M-20261001-68263,SEE CAO participantsSold explicit EIC; participant MW not published,https://api.seecao.com/api/data?auctionIdentification=XKME-M-20261001-68263,13
2026-10,SEE CAO,XK→ME,XK,ME,ELECTRADE S.P.A.,28XELECTRADE---R,,100.00,329,100,1.94,XKME-M-20261001-68263,SEE CAO participantsSold explicit EIC; participant MW not published,https://api.seecao.com/api/data?auctionIdentification=XKME-M-20261001-68263,13
2026-10,SEE CAO,XK→ME,XK,ME,"GEN-I, trgovanje in prodaja elektricne energije, d.o.o.",11XIGET--------D,,100.00,329,100,1.94,XKME-M-20261001-68263,SEE CAO participantsSold explicit EIC; participant MW not published,https://api.seecao.com/api/data?auctionIdentification=XKME-M-20261001-68263,13
2026-10,SEE CAO,XK→ME,XK,ME,GSA,22XGSA---------N,,100.00,329,100,1.94,XKME-M-20261001-68263,SEE CAO participantsSold explicit EIC; participant MW not published,https://api.seecao.com/api/data?auctionIdentification=XKME-M-20261001-68263,13
2026-10,SEE CAO,XK→ME,XK,ME,"Gunvor International B.V., Amsterdam, succursale de Genève",12X-0000001807-W,,100.00,329,100,1.94,XKME-M-20261001-68263,SEE CAO participantsSold explicit EIC; participant MW not published,https://api.seecao.com/api/data?auctionIdentification=XKME-M-20261001-68263,13
2026-10,SEE CAO,XK→ME,XK,ME,HOLDING SLOVENSKE ELEKTRARNE d.o.o.,11XHSE-SLOVENIAG,,100.00,329,100,1.94,XKME-M-20261001-68263,SEE CAO participantsSold explicit EIC; participant MW not published,https://api.seecao.com/api/data?auctionIdentification=XKME-M-20261001-68263,13
2026-10,SEE CAO,XK→ME,XK,ME,MFT Energy A/S,23X--161129-ME-L,,100.00,329,100,1.94,XKME-M-20261001-68263,SEE CAO participantsSold explicit EIC; participant MW not published,https://api.seecao.com/api/data?auctionIdentification=XKME-M-20261001-68263,13
2026-10,SEE CAO,XK→ME,XK,ME,MOTOR OIL RENEWABLE ENERGY SINGLE MEMBER S.A.,29XSOUSAKIPOWERE,,100.00,329,100,1.94,XKME-M-20261001-68263,SEE CAO participantsSold explicit EIC; participant MW not published,https://api.seecao.com/api/data?auctionIdentification=XKME-M-20261001-68263,13
2026-10,SEE CAO,XK→ME,XK,ME,ReNRGY Trading Group SH.P.K,54X-10IRN102618R,,100.00,329,100,1.94,XKME-M-20261001-68263,SEE CAO participantsSold explicit EIC; participant MW not published,https://api.seecao.com/api/data?auctionIdentification=XKME-M-20261001-68263,13
2026-10,SEE CAO,XK→ME,XK,ME,Statkraft Markets GmbH,11XSTATKRAFT001N,,100.00,329,100,1.94,XKME-M-20261001-68263,SEE CAO participantsSold explicit EIC; participant MW not published,https://api.seecao.com/api/data?auctionIdentification=XKME-M-20261001-68263,13
2026-10,SEE CAO,XK→ME,XK,ME,Terna Energy Trading DOOEL,33X-TETRA-SKOP-M,,100.00,329,100,1.94,XKME-M-20261001-68263,SEE CAO participantsSold explicit EIC; participant MW not published,https://api.seecao.com/api/data?auctionIdentification=XKME-M-20261001-68263,13
2026-10,SEE CAO,XK→MK,XK,MK,"CEZ, a.s.",11XCEZ-CZ------1,,200.00,429,198,0.13,XKMK-M-20261001-68265,SEE CAO participantsSold explicit EIC; participant MW not published,https://api.seecao.com/api/data?auctionIdentification=XKMK-M-20261001-68265,12
2026-10,SEE CAO,XK→MK,XK,MK,Danske Commodities Kosovo SH.P.K.,23X--201125-DC-P,,200.00,429,198,0.13,XKMK-M-20261001-68265,SEE CAO participantsSold explicit EIC; participant MW not published,https://api.seecao.com/api/data?auctionIdentification=XKMK-M-20261001-68265,12
2026-10,SEE CAO,XK→MK,XK,MK,EDF TRADING Ltd,11XEDFTRADING--G,,200.00,429,198,0.13,XKMK-M-20261001-68265,SEE CAO participantsSold explicit EIC; participant MW not published,https://api.seecao.com/api/data?auctionIdentification=XKMK-M-20261001-68265,12
2026-10,SEE CAO,XK→MK,XK,MK,ELECTRADE S.P.A.,28XELECTRADE---R,,200.00,429,198,0.13,XKMK-M-20261001-68265,SEE CAO participantsSold explicit EIC; participant MW not published,https://api.seecao.com/api/data?auctionIdentification=XKMK-M-20261001-68265,12
2026-10,SEE CAO,XK→MK,XK,MK,"GEN-I, trgovanje in prodaja elektricne energije, d.o.o.",11XIGET--------D,,200.00,429,198,0.13,XKMK-M-20261001-68265,SEE CAO participantsSold explicit EIC; participant MW not published,https://api.seecao.com/api/data?auctionIdentification=XKMK-M-20261001-68265,12
2026-10,SEE CAO,XK→MK,XK,MK,GREENCORE TRADE LLC import-export Gevgelija,33XGREENCORE-78T,,200.00,429,198,0.13,XKMK-M-20261001-68265,SEE CAO participantsSold explicit EIC; participant MW not published,https://api.seecao.com/api/data?auctionIdentification=XKMK-M-20261001-68265,12
2026-10,SEE CAO,XK→MK,XK,MK,GSA,22XGSA---------N,,200.00,429,198,0.13,XKMK-M-20261001-68265,SEE CAO participantsSold explicit EIC; participant MW not published,https://api.seecao.com/api/data?auctionIdentification=XKMK-M-20261001-68265,12
2026-10,SEE CAO,XK→MK,XK,MK,Kelag International dooel Skopje,33X-INTERENERGOU,,200.00,429,198,0.13,XKMK-M-20261001-68265,SEE CAO participantsSold explicit EIC; participant MW not published,https://api.seecao.com/api/data?auctionIdentification=XKMK-M-20261001-68265,12
2026-10,SEE CAO,XK→MK,XK,MK,MFT Energy A/S,23X--161129-ME-L,,200.00,429,198,0.13,XKMK-M-20261001-68265,SEE CAO participantsSold explicit EIC; participant MW not published,https://api.seecao.com/api/data?auctionIdentification=XKMK-M-20261001-68265,12
2026-10,SEE CAO,XK→MK,XK,MK,ReNRGY Trading Group SH.P.K,54X-10IRN102618R,,200.00,429,198,0.13,XKMK-M-20261001-68265,SEE CAO participantsSold explicit EIC; participant MW not published,https://api.seecao.com/api/data?auctionIdentification=XKMK-M-20261001-68265,12
2026-10,SEE CAO,XK→MK,XK,MK,SENTRADE DOOEL Skopje,33XSENTRADE----W,,200.00,429,198,0.13,XKMK-M-20261001-68265,SEE CAO participantsSold explicit EIC; participant MW not published,https://api.seecao.com/api/data?auctionIdentification=XKMK-M-20261001-68265,12
2026-10,SEE CAO,XK→MK,XK,MK,Terna Energy Trading DOOEL,33X-TETRA-SKOP-M,,200.00,429,198,0.13,XKMK-M-20261001-68265,SEE CAO participantsSold explicit EIC; participant MW not published,https://api.seecao.com/api/data?auctionIdentification=XKMK-M-20261001-68265,12
